City,State,Institution,Transfer Course ID,Transfer Course Name,RPI Course ID,RPI Course Name,Note,Begin,End,Transfer Catalog
Albany,NY,Albany College Of Pharmacy And Health Sciences,BIO 102,General Biology II,BIOL 2120,Introduction To Cell And Molecular Biology,,,,Albany College Of Pharmacy And Health Sciences
Annandale-On-Hudson,NY,Bard College,BIO 303,Microbiology,BIOL 2120,Introduction To Cell And Molecular Biology,,,,Bard College
Albion,NY,Bard College - Albion Correctional Facility,BIO 303,Microbiology,BIOL 2120,Introduction To Cell And Molecular Biology,,,,Bard College
New York,NY,Bard College - Bard Globalization And International Affairs Program,BIO 303,Microbiology,BIOL 2120,Introduction To Cell And Molecular Biology,,,,Bard College
Newark,NJ,Bard College - Bhsec Newark,BIO 303,Microbiology,BIOL 2120,Introduction To Cell And Molecular Biology,,,,Bard College
Brooklyn,NY,Bard College - Brooklyn Public Library,BIO 303,Microbiology,BIOL 2120,Introduction To Cell And Molecular Biology,,,,Bard College
Napanoch,NY,Bard College - Eastern Ny Correctional Facility,BIO 303,Microbiology,BIOL 2120,Introduction To Cell And Molecular Biology,,,,Bard College
Beacon,NY,Bard College - Fishkill Correctional Facility,BIO 303,Microbiology,BIOL 2120,Introduction To Cell And Molecular Biology,,,,Bard College
Stormville,NY,Bard College - Green Haven Correctional Facility,BIO 303,Microbiology,BIOL 2120,Introduction To Cell And Molecular Biology,,,,Bard College
Holyoke,MA,Bard College - Holyoke Microcollege,BIO 303,Microbiology,BIOL 2120,Introduction To Cell And Molecular Biology,,,,Bard College
Los Angeles,CA,Bard College - Mat Program Ca,BIO 303,Microbiology,BIOL 2120,Introduction To Cell And Molecular Biology,,,,Bard College
New York,NY,"Bard College - New York Public Library, Countee Cullen Branch",BIO 303,Microbiology,BIOL 2120,Introduction To Cell And Molecular Biology,,,,Bard College
Bedford Hill,NY,Bard College - Taconic Correctional Facility,BIO 303,Microbiology,BIOL 2120,Introduction To Cell And Molecular Biology,,,,Bard College
Woodbourne,NY,Bard College - Woodbourne Correctional Facility,BIO 303,Microbiology,BIOL 2120,Introduction To Cell And Molecular Biology,,,,Bard College
Birmingham,AL,Birmingham Southern College,BI 125,Cell And Molecular Biology,BIOL 2120,Introduction To Cell And Molecular Biology,,,,Birmingham Southern College
Fall River,MA,Bristol Community College,BIO 240,Cell Biology,BIOL 2120,Introduction To Cell And Molecular Biology,,,,Bristol Community College
Boston,MA,Bunker Hill Community College,BIO-207,Cell Biology & Lab,BIOL 2120 + BIOL 2120,Introduction To Cell And Molecular Biology + Introduction To Cell And Molecular Biology,,,,Bunker Hill Community College
Boston,MA,Bunker Hill Community College,BIO-207,Cell Biology & Lab,BIOL 2120 + BIOL 2120,Introduction To Cell And Molecular Biology + Introduction To Cell And Molecular Biology,,,,Bunker Hill Community College
Boston,MA,Bunker Hill Community College,BIO-260,Molecular Biotechnology,BIOL 2120,Introduction To Cell And Molecular Biology,,,,Bunker Hill Community College
Pasadena,CA,California Institute Of Technology,Bi 9,Cell Biology,BIOL 1010 + BIOL 1010 + BIOL 1015 + BIOL 1015 + BIOL 2120 + BIOL 2120,Introduction To Biology + Introduction To Biology + Introduction To Biology Laboratory + Introduction To Biology Laboratory + Introduction To Cell And Molecular Biology + Introduction To Cell And Molecular Biology,,,,California Institute Of Technology
Pasadena,CA,California Institute Of Technology,Bi 9,Cell Biology,BIOL 1010 + BIOL 1010 + BIOL 1015 + BIOL 1015 + BIOL 2120 + BIOL 2120,Introduction To Biology + Introduction To Biology + Introduction To Biology Laboratory + Introduction To Biology Laboratory + Introduction To Cell And Molecular Biology + Introduction To Cell And Molecular Biology,,,,California Institute Of Technology
Pasadena,CA,California Institute Of Technology,Bi 9 + Bi 9,Cell Biology + Cell Biology,BIOL 1010 + BIOL 1010 + BIOL 1015 + BIOL 1015 + BIOL 2120 + BIOL 2120,Introduction To Biology + Introduction To Biology + Introduction To Biology Laboratory + Introduction To Biology Laboratory + Introduction To Cell And Molecular Biology + Introduction To Cell And Molecular Biology,,,,California Institute Of Technology
Pasadena,CA,California Institute Of Technology,Bi 9 + Bi 9,Cell Biology + Cell Biology,BIOL 1010 + BIOL 1010 + BIOL 1015 + BIOL 1015 + BIOL 2120 + BIOL 2120,Introduction To Biology + Introduction To Biology + Introduction To Biology Laboratory + Introduction To Biology Laboratory + Introduction To Cell And Molecular Biology + Introduction To Cell And Molecular Biology,,,,California Institute Of Technology
Albuquerque,NM,Central New Mexico Community College,BIO 121,Principles Of Biology I,BIOL 2120,Introduction To Cell And Molecular Biology,,,,Albuquerque Technical Vocational Institute
Potsdam,NY,Clarkson University,BY 160 + BY 162,Biology II - Cellular And Molecular Biology + Biology II Laboratory,BIOL 2120,Introduction To Cell And Molecular Biology,,,,Clarkson University Course Descriptions
Schenectady,NY,Clarkson University Capital Region Campus,BY 160 + BY 162,Biology II - Cellular And Molecular Biology + Biology II Laboratory,BIOL 2120,Introduction To Cell And Molecular Biology,,,,Clarkson University Course Descriptions
Saint Joseph,MN,College Of Saint Benedict,BIOL 201,Intermediate Cell Biology And Genetics,BIOL 2120,Introduction To Cell And Molecular Biology,,,,College Of Saint Benedict - St John'S University
Staten Island,NY,Cuny College Of Staten Island,CHM 376,Biochemistry II,BIOL 2120,Introduction To Cell And Molecular Biology,,,,CUNY College Of Staten Island Undergraduate
Batavia,NY,Genesee Community College,BIO115 + BIO116,General Biology 1 + General Biology 2,BIOL 1010 + BIOL 2120,Introduction To Biology + Introduction To Cell And Molecular Biology,,,,Genesee Community College
Atlanta,GA,Georgia State University,BIOL 3800,Molecular Cell Biology,BIOL 2120 + BIOL 2120,Introduction To Cell And Molecular Biology + Introduction To Cell And Molecular Biology,,,,Georgia State University Undergraduate
Atlanta,GA,Georgia State University,BIOL 3800,Molecular Cell Biology,BIOL 2120 + BIOL 2120,Introduction To Cell And Molecular Biology + Introduction To Cell And Molecular Biology,,,,Georgia State University Undergraduate
Atlanta,GA,Georgia State University-Perimeter College,BIOL 3800,Molecular Cell Biology,BIOL 2120 + BIOL 2120,Introduction To Cell And Molecular Biology + Introduction To Cell And Molecular Biology,,,,Georgia State University Undergraduate
Atlanta,GA,Georgia State University-Perimeter College,BIOL 3800,Molecular Cell Biology,BIOL 2120 + BIOL 2120,Introduction To Cell And Molecular Biology + Introduction To Cell And Molecular Biology,,,,Georgia State University Undergraduate
Grinnell,IA,Grinnell College,BIO 251,"Molecules, Cells, And Organisms",BIOL 2120,Introduction To Cell And Molecular Biology,,,,Grinnell College
Troy,NY,Hudson Valley Community College,BIOL 275,Cell Biology,BIOL 2120,Introduction To Cell And Molecular Biology,,,,Hudson Valley Community College
Overland Park,KS,Johnson County Community College,BIOL 135,Principles Of Cell And Molecular Biology,BIOL 2120,Introduction To Cell And Molecular Biology,,,,Johnson County Community College
Rancho Palos Verdes,CA,Marymount California University,SCI 380,Molecular Biology,BIOL 2000 + BIOL 2000 + BIOL 2120 + BIOL 2120,Biology Elective + Biology Elective + Introduction To Cell And Molecular Biology + Introduction To Cell And Molecular Biology,,,,Marymount California University
Rancho Palos Verdes,CA,Marymount California University,SCI 380,Molecular Biology,BIOL 2000 + BIOL 2000 + BIOL 2120 + BIOL 2120,Biology Elective + Biology Elective + Introduction To Cell And Molecular Biology + Introduction To Cell And Molecular Biology,,,,Marymount California University
Rancho Palos Verdes,CA,Marymount California University,SCI 380 + SCI 380,Molecular Biology + Molecular Biology,BIOL 2000 + BIOL 2000 + BIOL 2120 + BIOL 2120,Biology Elective + Biology Elective + Introduction To Cell And Molecular Biology + Introduction To Cell And Molecular Biology,,,,Marymount California University
Rancho Palos Verdes,CA,Marymount California University,SCI 380 + SCI 380,Molecular Biology + Molecular Biology,BIOL 2000 + BIOL 2000 + BIOL 2120 + BIOL 2120,Biology Elective + Biology Elective + Introduction To Cell And Molecular Biology + Introduction To Cell And Molecular Biology,,,,Marymount California University
Lucerne,CA,Marymount California University - Lakeside Campus,SCI 380,Molecular Biology,BIOL 2000 + BIOL 2000 + BIOL 2120 + BIOL 2120,Biology Elective + Biology Elective + Introduction To Cell And Molecular Biology + Introduction To Cell And Molecular Biology,,,,Marymount California University
Lucerne,CA,Marymount California University - Lakeside Campus,SCI 380,Molecular Biology,BIOL 2000 + BIOL 2000 + BIOL 2120 + BIOL 2120,Biology Elective + Biology Elective + Introduction To Cell And Molecular Biology + Introduction To Cell And Molecular Biology,,,,Marymount California University
Lucerne,CA,Marymount California University - Lakeside Campus,SCI 380 + SCI 380,Molecular Biology + Molecular Biology,BIOL 2000 + BIOL 2000 + BIOL 2120 + BIOL 2120,Biology Elective + Biology Elective + Introduction To Cell And Molecular Biology + Introduction To Cell And Molecular Biology,,,,Marymount California University
Lucerne,CA,Marymount California University - Lakeside Campus,SCI 380 + SCI 380,Molecular Biology + Molecular Biology,BIOL 2000 + BIOL 2000 + BIOL 2120 + BIOL 2120,Biology Elective + Biology Elective + Introduction To Cell And Molecular Biology + Introduction To Cell And Molecular Biology,,,,Marymount California University
San Pedro,CA,Marymount California University - Waterfront Campus,SCI 380,Molecular Biology,BIOL 2000 + BIOL 2000 + BIOL 2120 + BIOL 2120,Biology Elective + Biology Elective + Introduction To Cell And Molecular Biology + Introduction To Cell And Molecular Biology,,,,Marymount California University
San Pedro,CA,Marymount California University - Waterfront Campus,SCI 380,Molecular Biology,BIOL 2000 + BIOL 2000 + BIOL 2120 + BIOL 2120,Biology Elective + Biology Elective + Introduction To Cell And Molecular Biology + Introduction To Cell And Molecular Biology,,,,Marymount California University
San Pedro,CA,Marymount California University - Waterfront Campus,SCI 380 + SCI 380,Molecular Biology + Molecular Biology,BIOL 2000 + BIOL 2000 + BIOL 2120 + BIOL 2120,Biology Elective + Biology Elective + Introduction To Cell And Molecular Biology + Introduction To Cell And Molecular Biology,,,,Marymount California University
San Pedro,CA,Marymount California University - Waterfront Campus,SCI 380 + SCI 380,Molecular Biology + Molecular Biology,BIOL 2000 + BIOL 2000 + BIOL 2120 + BIOL 2120,Biology Elective + Biology Elective + Introduction To Cell And Molecular Biology + Introduction To Cell And Molecular Biology,,,,Marymount California University
Montreal,QC,Mcgill University,BIOC 212 + BIOC 220,Molecular Mechanisms Of Cell Function + Laboratory Methods In Biochemistry And Molecular Biology 1,BIOL 2120,Introduction To Cell And Molecular Biology,,,,Mcgill University Course Descriptions
Montreal,QC,Mcgill University,BIOC 220,Laboratory Methods In Biochemistry And Molecular Biology 1,BIOL 2120 + BIOL 2120,Introduction To Cell And Molecular Biology + Introduction To Cell And Molecular Biology,,,,Mcgill University Course Descriptions
Montreal,QC,Mcgill University,BIOC 220,Laboratory Methods In Biochemistry And Molecular Biology 1,BIOL 2120 + BIOL 2120,Introduction To Cell And Molecular Biology + Introduction To Cell And Molecular Biology,,,,Mcgill University Course Descriptions
West Windsor,NJ,Mercer County Community College,BIO 102,General Biology II,BIOL 2120,Introduction To Cell And Molecular Biology,,,,Mercer County Community College
Miami,FL,Miami Dade College,BSC2011 + BSC2011L,Principles Of Biology 2 + Principles Of Biology Lab 2,BIOL 2120,Introduction To Cell And Molecular Biology,,,,Miami Dade College
Utica,NY,Mohawk Valley Community College-Utica Branch,BI102,General Biology 2,BIOL 2120,Introduction To Cell And Molecular Biology,,,,Mohawk Valley Community College
Rockville,MD,Montgomery College,BI 203,Microbiology,BIOL 2120,Introduction To Cell And Molecular Biology,,,,Montgomery College
Rockville,MD,Montgomery College,BI 230,Molecular Cell Biology,BIOL 2120,Introduction To Cell And Molecular Biology,,,,Montgomery College
Newark,NJ,New Jersey Institute Of Technology,R120 + R120,201 Foundations Of Biology + 202 Foundations Of Biology Lab,BIOL 2120,Introduction To Cell And Molecular Biology,,,,New Jersey Institute Of Technology Undergraduate
New York,NY,Pace University-New York,BIO 335,Molecular And Cellular Biology,BIOL 2120,Introduction To Cell And Molecular Biology,,,,Pace University Course Descriptions
Pleasantville,NY,Pace University-Pleasantville Briarcliff,BIO 335,Molecular And Cellular Biology,BIOL 2120,Introduction To Cell And Molecular Biology,,,,Pace University Course Descriptions
White Plains,NY,Pace University-White Plains,BIO 335,Molecular And Cellular Biology,BIOL 2120,Introduction To Cell And Molecular Biology,,,,Pace University Course Descriptions
Rochester,NY,Rochester Institute Of Technology,BIOG-140 + BIOG-141,Cell And Molecular Biology For Engineers I + Cell And Molecular Biology For Engineers II,BIOL 2120,Introduction To Cell And Molecular Biology,,,,Rochester Institute Of Technology Undergraduate
Manchester,NH,Saint Anselm College,BI 04,General Biology,BIOL 2120,Introduction To Cell And Molecular Biology,,,,Saint Anselm College
Collegeville,MN,Saint John's University,BIOL 201,Intermediate Cell Biology And Genetics,BIOL 2120,Introduction To Cell And Molecular Biology,,,,College Of Saint Benedict - St John'S University
Schenectady,NY,Schenectady County Community College,BIO 261,Cell & Molecular Biology,BIOL 2120,Introduction To Cell And Molecular Biology,,,,Schenectady County Community College
Loudonville,NY,Siena College,BIOL - 220,Cell Biology,BIOL 2120,Introduction To Cell And Molecular Biology,,,,Siena College Undergraduate
Canton,NY,St Lawrence University,BIOL 102,General Biology II,BIOL 2120,Introduction To Cell And Molecular Biology,,,,Saint Lawrence University
Stony Brook,NY,Stony Brook University,BIO 202,Fundamentals Of Biology: Molecular And Cellular Biology,BIOL 2120,Introduction To Cell And Molecular Biology,,,,SUNY Stony Brook Undergraduate Bulletin And Course Descriptions Spring
Geneseo,NY,Suny College At Geneseo,BIOL 120,General Biology II Laboratory,BIOL 2120,Introduction To Cell And Molecular Biology,,,,SUNY Geneseo Undergraduate
Oneonta,NY,Suny College At Oneonta,BIOL 201,Cell And Molecular Biology,BIOL 2120,Introduction To Cell And Molecular Biology,,,,SUNY Oneonta Undergraduate
Purchase,NY,Suny College At Purchase,BIO 3161,Genetics Lab,BIOL 2120 + BIOL 2120,Introduction To Cell And Molecular Biology + Introduction To Cell And Molecular Biology,,,,SUNY Purchase College
Purchase,NY,Suny College At Purchase,BIO 3161,Genetics Lab,BIOL 2120 + BIOL 2120,Introduction To Cell And Molecular Biology + Introduction To Cell And Molecular Biology,,,,SUNY Purchase College
Purchase,NY,Suny College At Purchase,BIO 3161 + BIO 3530,Genetics Lab + Cell Biology,BIOL 2120,Introduction To Cell And Molecular Biology,,,,SUNY Purchase College
Albany,NY,The College Of Saint Rose,BIO 351 + BIO 351L,Cell Biology + Cell Biology Lab,BIOL 2120,Introduction To Cell And Molecular Biology,,,,College Of Saint Rose Undergraduate Studies
Albany,NY,The College Of Saint Rose,BIO 351L,Cell Biology Lab,BIOL 2120 + BIOL 2120,Introduction To Cell And Molecular Biology + Introduction To Cell And Molecular Biology,,,,College Of Saint Rose Undergraduate Studies
Albany,NY,The College Of Saint Rose,BIO 351L,Cell Biology Lab,BIOL 2120 + BIOL 2120,Introduction To Cell And Molecular Biology + Introduction To Cell And Molecular Biology,,,,College Of Saint Rose Undergraduate Studies
Medford,MA,Tufts University,BIO 0013,Cells And Organisms W/Lab,BIOL 2120 + BIOL 2125,Introduction To Cell And Molecular Biology + Introduction To Cellular And Molecular Biology Laboratory,,,,Tufts University Course Descriptions
Schenectady,NY,Union College,BIO 104,Cellular Foundations Of Life,BIOL 2120 + BIOL 2125,Introduction To Cell And Molecular Biology + Introduction To Cellular And Molecular Biology Laboratory,,,,Union College
Orlando,FL,University Of Central Florida,MCB3020C,General Microbiology,BIOL 2120,Introduction To Cell And Molecular Biology,,,,University Of Central Florida Undergraduate
Storrs,CT,University Of Connecticut,MCB 210,Cell Biology,BIOL 2120,Introduction To Cell And Molecular Biology,,,,University Of Connecticut Undergraduate
Groton,CT,University Of Connecticut-Avery Point,MCB 210,Cell Biology,BIOL 2120,Introduction To Cell And Molecular Biology,,,,University Of Connecticut Undergraduate
Hartford,CT,University Of Connecticut-Hartford Campus,MCB 210,Cell Biology,BIOL 2120,Introduction To Cell And Molecular Biology,,,,University Of Connecticut Undergraduate
Stamford,CT,University Of Connecticut-Stamford,MCB 210,Cell Biology,BIOL 2120,Introduction To Cell And Molecular Biology,,,,University Of Connecticut Undergraduate
Waterbury,CT,University Of Connecticut-Waterbury Campus,MCB 210,Cell Biology,BIOL 2120,Introduction To Cell And Molecular Biology,,,,University Of Connecticut Undergraduate
West Hartford,CT,University Of Hartford,BIO 123,Introductory Biology II,BIOL 2120,Introduction To Cell And Molecular Biology,,,,University Of Hartford Undergraduate
Orono,ME,University Of Maine,BMB 280,Introduction To Molecular And Cellular Biology,BIOL 2120,Introduction To Cell And Molecular Biology,,,,University Of Maine Undergraduate
Dearborn,MI,University Of Michigan-Dearborn,BIOL 140,Intro Molec & Cellular Biology,BIOL 2120 + BIOL 2125,Introduction To Cell And Molecular Biology + Introduction To Cellular And Molecular Biology Laboratory,BIOL 2120 (3 cr) BIOL 2125 (1 cr),05/01/2023,05/01/2026,University Of Michigan Dearborn
Bradford,PA,University Of Pittsburgh-Bradford,BIOL 0101,Introduction To Cell And Molecular Biology,BIOL 2120,Introduction To Cell And Molecular Biology,,,,University Of Pittsburgh Bradford
Blacksburg,VA,Virginia Polytechnic Institute And State University,BIOL 1106 + BIOL 1116,Principles Of Biology + Principles Of Biology Laboratory,BIOL 2120,Introduction To Cell And Molecular Biology,,,,Virginia Polytechnic Institute And State University
Boston,MA,Wentworth Institute Of Technology,BIOL 130,Cell & Molecular Biology,BIOL 2120,Introduction To Cell And Molecular Biology,,,,Wentworth Institute Of Technology Summer Course Descriptions
Dorchester,MA,Wentworth Institute Of Technology,BIOL 130,Cell & Molecular Biology,BIOL 2120,Introduction To Cell And Molecular Biology,,,,Wentworth Institute Of Technology Summer Course Descriptions
Fall River,MA,Wentworth Institute Of Technology,BIOL 130,Cell & Molecular Biology,BIOL 2120,Introduction To Cell And Molecular Biology,,,,Wentworth Institute Of Technology Summer Course Descriptions
Worcester,MA,Worcester Polytechnic Institute,BB 2550,Cell Biology,BIOL 2120,Introduction To Cell And Molecular Biology,,,,Worcester Polytechnic Institute Undergraduate
