City,State,Institution,Transfer Course ID,Transfer Course Name,RPI Course ID,RPI Course Name,Note,Begin,End,Transfer Catalog
Garden City,NY,Adelphi University,MTH244,Intro To Ordinary Differential Equations,MATH 2400,Introduction To Differential Equations,,,,Adelphi University Undergraduate And Graduate Courses
Queensbury,NY,Adirondack Community College,MAT 232,Differential Equations And Series,MATH 2400,Introduction To Differential Equations,,,,SUNY Adirondack Community College
Albany,NY,Albany College Of Pharmacy And Health Sciences,MAT 235,Differential Equations,MATH 2400,Introduction To Differential Equations,,,,Albany College Of Pharmacy And Health Sciences
Alfred,NY,Alfred University,MATH 271,Differential Equations,MATH 2400,Introduction To Differential Equations,MATH 2400 (3 cr),01/01/2024,01/01/2027,Alfred University
Cairo, ,American University In Cairo,MACT 2141,Differential Equations,MATH 2400,Introduction To Differential Equations,,,,American University In Cairo
Arnold,MD,Anne Arundel Community College,MAT 212,Differential Equations,MATH 2400,Introduction To Differential Equations,,,,Anne Arundel Community College
Sierra Vista,AZ,Arizona State University - Cochise,MAT 275,Modern Differential Equations,MATH 2400,Introduction To Differential Equations,,,,Arizona State University Course Descriptions Fall
Lake Havasu City,AZ,Arizona State University - Lake Havasu,MAT 275,Modern Differential Equations,MATH 2400,Introduction To Differential Equations,,,,Arizona State University Course Descriptions Fall
Mesa,AZ,Arizona State University - Mesa City Center,MAT 275,Modern Differential Equations,MATH 2400,Introduction To Differential Equations,,,,Arizona State University Course Descriptions Fall
Tucson,AZ,Arizona State University - Pima,MAT 275,Modern Differential Equations,MATH 2400,Introduction To Differential Equations,,,,Arizona State University Course Descriptions Fall
Casa Grande,AZ,Arizona State University - Pinal,MAT 275,Modern Differential Equations,MATH 2400,Introduction To Differential Equations,,,,Arizona State University Course Descriptions Fall
Thatcher,AZ,Arizona State University - The Gila Valley,MAT 275,Modern Differential Equations,MATH 2400,Introduction To Differential Equations,,,,Arizona State University Course Descriptions Fall
Prescott Valley,AZ,Arizona State University - Yavapai,MAT 275,Modern Differential Equations,MATH 2400,Introduction To Differential Equations,,,,Arizona State University Course Descriptions Fall
Yuma,AZ,Arizona State University - Yuma,MAT 275,Modern Differential Equations,MATH 2400,Introduction To Differential Equations,,,,Arizona State University Course Descriptions Fall
Phoenix,AZ,Arizona State University-Downtown Phoenix,MAT 275,Modern Differential Equations,MATH 2400,Introduction To Differential Equations,,,,Arizona State University Course Descriptions Fall
Mesa,AZ,Arizona State University-Polytechnic,MAT 275,Modern Differential Equations,MATH 2400,Introduction To Differential Equations,,,,Arizona State University Course Descriptions Fall
Scottsdale,AZ,Arizona State University-Skysong,MAT 275,Modern Differential Equations,MATH 2400,Introduction To Differential Equations,,,,Arizona State University Course Descriptions Fall
Tempe,AZ,Arizona State University-Tempe,MAT 275,Modern Differential Equations,MATH 2400,Introduction To Differential Equations,,,,Arizona State University Course Descriptions Fall
Glendale,AZ,Arizona State University-West,MAT 275,Modern Differential Equations,MATH 2400,Introduction To Differential Equations,,,,Arizona State University Course Descriptions Fall
Russellville,AR,Arkansas Tech University,MATH 3243,Differential Equations I,MATH 2400,Introduction To Differential Equations,,,,Arkansas Tech University Undergraduate
Lewiston,ME,Bates College,MATH 219,Differential Equations,MATH 2400,Introduction To Differential Equations,,,,Bates College
Bellevue,WA,Bellevue College,MATH 238,Differential Equations,MATH 2400,Introduction To Differential Equations,,,,Bellevue College
Beloit,WI,Beloit College,MATH 190,Differential Equations,MATH 2400,Introduction To Differential Equations,,,,Beloit College
Paramus,NJ,Bergen Community College,MAT-283,Differential Equations,MATH 2400,Introduction To Differential Equations,,,,Bergen Community College
Pittsfield,MA,Berkshire Community College,ENM 254,Differential Equations,MATH 2400,Introduction To Differential Equations,,,,Berkshire Community College
Pittsfield,MA,Berkshire Community College,MAT 254,Differential Equations,MATH 2400,Introduction To Differential Equations,,,,Berkshire Community College
Boise,ID,Boise State University,MATH333,Differential Equations With Matrix Theory,MATH 2400,Introduction To Differential Equations,,,,Boise State University Undergraduate
Boston,MA,Boston University,CAS MA 226,Differential Equations,MATH 2400,Introduction To Differential Equations,MATH 2400 (4cr),05/01/2023,05/01/2026,Boston University Course Descriptions
Bowling Green,OH,Bowling Green State University-Main Campus,MATH 337,Differential Equations,MATH 2400,Introduction To Differential Equations,,,,Bowling Green State University Course Descriptions
Waltham,MA,Brandeis University,MATH 37a,Differential Equations,MATH 2400,Introduction To Differential Equations,,,,Brandeis University
Fall River,MA,Bristol Community College,MTH 254,Ordinary Differential Equations,MATH 2400,Introduction To Differential Equations,MATH 2400 (3 credits),05/01/2023,05/01/2026,Bristol Community College
Lincroft,NJ,Brookdale Community College,MATH274,Elementary Differential Equations,MATH 2400,Introduction To Differential Equations,,,,Brookdale Community College
Binghamton,NY,Broome Community College,MAT 282,Differential Equations W/Linear Algebra,MATH 2400,Introduction To Differential Equations,,,,SUNY Broome Community College
Bryn Mawr,PA,Bryn Mawr College,MATH B210,Differential Equations With Applications,MATH 2400,Introduction To Differential Equations,,05/01/2023,05/01/2026,Bryn Mawr College Undergraduate
Lewisburg,PA,Bucknell University,MATH 212,Differential Equations,MATH 2400,Introduction To Differential Equations,,,,Bucknell University
Boston,MA,Bunker Hill Community College,MAT-285,Ordinary Differential Equations,MATH 2400,Introduction To Differential Equations,MATH 2400 (4cr),05/01/2023,05/01/2026,Bunker Hill Community College
Aptos,CA,Cabrillo College,MATH-7,Intro Difftl Equat,MATH 2400,Introduction To Differential Equations,,,,Cabrillo College Course Descriptions
Pasadena,CA,California Institute Of Technology,MA 2A + MA 2B,"Differential Equations, Probability And Statistics + Differential Equations, Probability And Statistics",MATH 2400,Introduction To Differential Equations,,,,California Institute Of Technology
Blackwood,NJ,Camden County College,MTH-220,Differential Equations,MATH 2400,Introduction To Differential Equations,,,,Camden County College Academic Program Guide
West Barnstable,MA,Cape Cod Community College,MAT270,Differential Equations,MATH 2400,Introduction To Differential Equations,,,,Cape Cod Community College
Galesburg,IL,Carl Sandburg College,MAT 260,Differential Equations,MATH 2400,Introduction To Differential Equations,,,,Carl Sandburg College
Cleveland,OH,Case Western Reserve University,MATH 224,Elementary Differential Equations,MATH 2400,Introduction To Differential Equations,,,,Case Western Reserve University
Auburn,NY,Cayuga Community College,MATH 204,Differential Equations And Series,MATH 2400,Introduction To Differential Equations,,,,Cayuga Community College
New Britain,CT,Central Connecticut State University,MATH 355,Introduction To Differential Equations With Applications,MATH 2400,Introduction To Differential Equations,,,,Central Connecticut State University
Chandler,AZ,Chandler-Gilbert Community College,MAT 276,Modern Differential Equations,MATH 2400,Introduction To Differential Equations,MATH 2400 (4cr),05/01/2023,05/01/2026,Maricopa County Community College District Course Descriptions
Chandler,AZ,Chandler-Gilbert Community College,MAT 277,Modern Differential Equations,MATH 2400,Introduction To Differential Equations,MATH 2400 (3cr),05/01/2023,05/01/2026,Maricopa County Community College District Course Descriptions
Glendora,CA,Citrus College,MATH 211,Differential Equations,MATH 2400,Introduction To Differential Equations,,,,Citrus College
San Francisco,CA,City College Of San Francisco,MATH 125,Differential Equations,MATH 2400,Introduction To Differential Equations,,,,City College Of San Francisco
San Francisco,CA,City College Of San Francisco,MATH 130,Linear Algebra And Differential Equations,MATH 2012 + MATH 2400,Matrix Algebra + Introduction To Differential Equations,,,,City College Of San Francisco
Atlanta,GA,Clark Atlanta University,CMAT 212,Differential Equations,MATH 2400,Introduction To Differential Equations,,,,Clark Atlanta University Undergraduate
Potsdam,NY,Clarkson University,MA 232,Elementary Differential Equations,MATH 2400,Introduction To Differential Equations,,,,Clarkson University Course Descriptions
Schenectady,NY,Clarkson University Capital Region Campus,MA 232,Elementary Differential Equations,MATH 2400,Introduction To Differential Equations,,,,Clarkson University Course Descriptions
Waterville,ME,Colby College,MA311,Ordinary Differential Equations,MATH 2400,Introduction To Differential Equations,,,,Colby College
Grayslake,IL,College Of Lake County,MTH 227,Ordinary Differential Equations,MATH 2400,Introduction To Differential Equations,,,,College Of Lake County
Kentfield,CA,College Of Marin,MATH224,Elementary Differential Equations,MATH 2400,Introduction To Differential Equations,,,,College Of Marin
San Mateo,CA,College Of San Mateo,MATH 275,Ordinary Differential Equations,MATH 2400,Introduction To Differential Equations,,,,College Of San Mateo
Twin Falls,ID,College Of Southern Idaho,MATH 310,Ordinary Differential Equations,MATH 2400,Introduction To Differential Equations,,,,College Of Southern Idaho
Santa Clarita,CA,College Of The Canyons,MATH 215,Differential Equations,MATH 2400,Introduction To Differential Equations,,,,College Of The Canyons
New York,NY,Columbia University In The City Of New York,MATH UN2030,Ordinary Differential Equations,MATH 2400,Introduction To Differential Equations,,,,Columbia University School Of General Studies
New York,NY,Columbia University In The City Of New York,MATH V2030,Ordinary Differential Equations,MATH 2400,Introduction To Differential Equations,,,,Columbia University Columbia College
New York,NY,Columbia University In The City Of New York,MATH V3028,Partial Differential Equations,MATH 2400,Introduction To Differential Equations,,,,Columbia University Columbia College
New London,CT,Connecticut College,MAT 212 + MAT 225 + MAT 226,Multivariable Calculus + Ordinary Diff Equations + Linear Algebra,MATH 2010 + MATH 2400,Multivariable Calculus And Matrix Algebra + Introduction To Differential Equations,,,,Connecticut College
Bridgeport,CT,Connecticut State Community College Housatonic Campus,MAT* E285,Differential Equations,MATH 2400,Introduction To Differential Equations,,,,Housatonic Community College
Waterbury,CT,Connecticut State Community College Naugatuck Campus,MAT* H285,Differential Equations,MATH 2400,Introduction To Differential Equations,,,,Naugatuck Valley Community College
Norwalk,CT,Connecticut State Community College Norwalk Campus,MAT 286,Differential Equations,MATH 2400,Introduction To Differential Equations,MATH 2400 (4cr),09/01/2023,09/01/2026,Norwalk Community College
Ithaca,NY,Cornell University-Endowed Colleges,MATH 293,Differential Equations For Engineers,MATH 2400,Introduction To Differential Equations,,,,Cornell University
Ithaca,NY,Cornell University-Endowed Colleges,MATH 2930,Differential Equations For Engineers,MATH 2400,Introduction To Differential Equations,,,,Cornell University
Corning,NY,Corning Community College,MATH 2620,Ordinary Differential Equations,MATH 2400,Introduction To Differential Equations,,,,Corning Community College
Randolph,NJ,County College Of Morris,MAT-232,Differential Equations,MATH 2400,Introduction To Differential Equations,,,,County College Of Morris
Randolph,NJ,County College Of Morris,MAT-244,Ordinary Differential Equations,MATH 2400,Introduction To Differential Equations,MATH 2400 (4cr),09/01/2023,09/01/2026,County College Of Morris
New York,NY,Cuny Borough Of Manhattan Community College,MAT 501,Ordinary Differential Equations,MATH 2400,Introduction To Differential Equations,MATH 2400 (3cr),09/01/2023,09/01/2026,CUNY Borough Of Manhattan Community College
Bronx,NY,Cuny Bronx Community College,MTH 34,Differential Equations And Selected Topics In Advanced Calculus,MATH 2400,Introduction To Differential Equations,,,,CUNY Bronx Community College
New York,NY,Cuny City College,MATH 39100,Methods Of Differential Equations,MATH 2400,Introduction To Differential Equations,,,,CUNY City College
Brooklyn,NY,Cuny Kingsborough Community College,MAT 05500,Differential Equations,MATH 2400,Introduction To Differential Equations,,,,CUNY Kingsborough Community College
Long Island City,NY,Cuny Laguardia Community College,MAT204,Elementary Differential Equations,MATH 2400,Introduction To Differential Equations,,01/01/2024,01/01/2027,CUNY LaGuardia Community College
Brooklyn,NY,Cuny New York City College Of Technology,MAT 2680,Differential Equations,MATH 2400,Introduction To Differential Equations,MATH 2400 (3 credits),05/01/2023,05/01/2026,CUNY New York City College Of Technology Fall
Bayside,NY,Cuny Queensborough Community College,MA451,Differential Equations,MATH 2400,Introduction To Differential Equations,,,,CUNY Queensborough Community College
Dallas,TX,Dallas College,MATH 2420,Differential Equations,MATH 2400,Introduction To Differential Equations,,01/01/2024,01/01/2027,Dallas College
Hanover,NH,Dartmouth College,MATH 23,Differential Equations,MATH 2400,Introduction To Differential Equations,,,,Dartmouth College Thayer School Of Engineering
Daytona Beach,FL,Daytona State College,MAP2302 + MAP2302L,Differential Equations + Differential Equations Lab,MATH 2400,Introduction To Differential Equations,,,,Daytona State College
Cupertino,CA,De Anza College,MATH 2A,Differential Equations,MATH 2400,Introduction To Differential Equations,,,,De Anza College
Pleasant Hill,CA,Diablo Valley College,MATH-294,Differential Equations,MATH 2400,Introduction To Differential Equations,,,,Diablo Valley College
Madison,NJ,Drew University,MATH 104,Differential Equations,MATH 2400,Introduction To Differential Equations,,,,Drew University College Of Liberal Arts
Philadelphia,PA,Drexel University,MATH 123,Calculus III,MATH 2400,Introduction To Differential Equations,,,,Drexel University Undergraduate
Philadelphia,PA,Drexel University,MATH 210,Differential Equations,MATH 2400,Introduction To Differential Equations,,,,Drexel University Undergraduate
Philadelphia,PA,Drexel University,MATH 262,Differential Equations,MATH 2400,Introduction To Differential Equations,,,,Drexel University Undergraduate
Poughkeepsie,NY,Dutchess Community College,MAT224,Differential Equations,MATH 2400,Introduction To Differential Equations,,,,Dutchess Community College
Richmond,IN,Earlham College,MATH 320,Differential Equations,MATH 2400,Introduction To Differential Equations,,,,Earlham College Curriculum Guide
Ypsilanti,MI,Eastern Michigan University,MATH 325,Differential Equations,MATH 2400,Introduction To Differential Equations,,,,Eastern Michigan University Undergraduate
Lynnwood,WA,Edmonds College,MATH 271,Differential Equations,MATH 2400,Introduction To Differential Equations,,,,Edmonds College
Daytona Beach,FL,Embry-Riddle Aeronautical University,MA 345,Differential Equations And Matrix Methods,MATH 2400,Introduction To Differential Equations,,,,Embry-Riddle Aeronautical University Daytona Campus
Avondale,AZ,Estrella Mountain Community College,MAT 276,Modern Differential Equations,MATH 2400,Introduction To Differential Equations,MATH 2400 (4cr),05/01/2023,05/01/2026,Maricopa County Community College District Course Descriptions
Avondale,AZ,Estrella Mountain Community College,MAT 277,Modern Differential Equations,MATH 2400,Introduction To Differential Equations,MATH 2400 (3cr),05/01/2023,05/01/2026,Maricopa County Community College District Course Descriptions
San Jose,CA,Evergreen Valley College,MATH 078,Differential Equations,MATH 2400,Introduction To Differential Equations,,,,Evergreen Valley College
Fairfield,CT,Fairfield University,MA 0251,Ordinary Differential Equations,MATH 2400,Introduction To Differential Equations,,,,Fairfield University Course Descriptions
Farmingdale,NY,Farmingdale State College,MTH 253,Differential Equations,MATH 2400,Introduction To Differential Equations,MATH 2400 (4cr),09/01/2023,09/01/2026,SUNY Farmingdale State College
Canandaigua,NY,Finger Lakes Community College,MAT 274,Differential Equations,MATH 2400,Introduction To Differential Equations,,01/01/2024,01/01/2027,Finger Lakes Community College
Boca Raton,FL,Florida Atlantic University,MAP 2302,Differential Equations 1,MATH 2400,Introduction To Differential Equations,,,,Florida Atlantic University
Boca Raton,FL,Florida Atlantic University,MAP 2302,Differential Equations 1,MATH 2400,Introduction To Differential Equations,,,,Florida Atlantic University
Melbourne,FL,Florida Institute Of Technology-Florida Tech Online,MTH 2201,Differential Equations/Linear Algebra,MATH 2400,Introduction To Differential Equations,,,,Florida Institute Of Technology
Melbourne,FL,Florida Institute Of Technology-Melbourne,MTH 2201,Differential Equations/Linear Algebra,MATH 2400,Introduction To Differential Equations,,,,Florida Institute Of Technology
Winston Salem,NC,Forsyth Technical Community College,MAT 285,Differential Equations,MATH 2400,Introduction To Differential Equations,,,,Forsyth Technical Community College
Lancaster,PA,Franklin And Marshall College,MAT 229,Linear Algebra And Differential Equations,MATH 2400,Introduction To Differential Equations,,,,Franklin And Marshall College
Fresno,CA,Fresno City College,MATH 7,Introduction To Differential Equations,MATH 2400,Introduction To Differential Equations,,,,Fresno City College
Johnstown,NY,Fulton-Montgomery Community College,MA 258,Differential Equations,MATH 2400,Introduction To Differential Equations,,,,Fulton-Montgomery Community College
Johnstown,NY,Fulton-Montgomery Community College,MAT 215,Ordinary Differential Equations,MATH 2400,Introduction To Differential Equations,,,,Fulton-Montgomery Community College
Greenville,SC,Furman University,MTH-255,Differential Equations,MATH 2400,Introduction To Differential Equations,,,,Furman University
Phoenix,AZ,Gateway Community College,MAT 276,Modern Differential Equations,MATH 2400,Introduction To Differential Equations,MATH 2400 (4cr),05/01/2023,05/01/2026,Maricopa County Community College District Course Descriptions
Phoenix,AZ,Gateway Community College,MAT 277,Modern Differential Equations,MATH 2400,Introduction To Differential Equations,MATH 2400 (3cr),05/01/2023,05/01/2026,Maricopa County Community College District Course Descriptions
Fairfax,VA,George Mason University,MATH 214,Elementary Differential Equations,MATH 2400,Introduction To Differential Equations,,,,George Mason University
Washington,DC,Georgetown University,MATH-251,Ordinary Differential Equations,MATH 2400,Introduction To Differential Equations,,,,Georgetown University Course Descriptions
Atlanta,GA,Georgia Institute Of Technology-Main Campus,MATH 2403,Differential Equations,MATH 2400,Introduction To Differential Equations,,,,Georgia Institute Of Technology
Atlanta,GA,Georgia State University-Perimeter College,MATH 2652,Differential Equations,MATH 2400,Introduction To Differential Equations,,,,Georgia State University - Perimeter College Associate-Level Undergraduate
Gettysburg,PA,Gettysburg College,MATH-225,Differential Equations,MATH 2400,Introduction To Differential Equations,,,,Gettysburg College
Glendale,AZ,Glendale Community College,MAT 276,Modern Differential Equations,MATH 2400,Introduction To Differential Equations,MATH 2400 (4cr),05/01/2023,05/01/2026,Maricopa County Community College District Course Descriptions
Glendale,AZ,Glendale Community College,MAT 277,Modern Differential Equations,MATH 2400,Introduction To Differential Equations,MATH 2400 (3cr),05/01/2023,05/01/2026,Maricopa County Community College District Course Descriptions
Wenham,MA,Gordon College,MAT 225,Differential Equations,MATH 2400,Introduction To Differential Equations,,,,Gordon College Undergraduate
Auburn,WA,Green River College,MATH 238,Differential Equations,MATH 2400,Introduction To Differential Equations,,,,Green River College
Greenfield,MA,Greenfield Community College,MAT 204,Elementary Differential Equations,MATH 2400,Introduction To Differential Equations,,,,Greenfield Community College
Greenville,SC,Greenville Technical College,MAT 242,Differential Equations,MATH 2400,Introduction To Differential Equations,,,,Greenville Technical College
Grinnell,IA,Grinnell College,MAT 215 + MAT 220,Linear Algebra + Differential Equations,MATH 2400,Introduction To Differential Equations,,,,Grinnell College
Clinton,NY,Hamilton College,MATH 235,Differential Equations,MATH 2400,Introduction To Differential Equations,,,,Hamilton College
Bel Air,MD,Harford Community College,MATH 208,Elementary Differential Equations,MATH 2400,Introduction To Differential Equations,,,,Harford Community College
Butte,MT,Highlands College Of Montana Tech,MATH 2236,Elementary Differential Equations,MATH 2400,Introduction To Differential Equations,,,,Montana Tech Of The University Of Montana
Holyoke,MA,Holyoke Community College,MTH 214,Differential Equations,MATH 2400,Introduction To Differential Equations,,,,Holyoke Community College
Houston,TX,Houston Community College System,MATH 2320,Differential Equations,MATH 2400,Introduction To Differential Equations,,,,Houston Community College System
Columbia,MD,Howard Community College,MATH 260,Differential Equations,MATH 2400,Introduction To Differential Equations,,,,Howard Community College
Jersey City,NJ,Hudson County Community College,MAT 212,Differential Equations,MATH 2400,Introduction To Differential Equations,,,,Hudson County Community College
Troy,NY,Hudson Valley Community College,MATH 220,Calculus IV: Differential Equations,MATH 2400,Introduction To Differential Equations,MATH 2400 (4cr),05/01/2023,05/01/2026,Hudson Valley Community College
Chicago,IL,Illinois Institute Of Technology,MATH 252,Introduction To Differential Equations,MATH 2400,Introduction To Differential Equations,,,,Illinois Institute Of Technology Undergraduate
Indianapolis,IN,Indiana University-Purdue University-Indianapolis,MATH 26600,Ordinary Differential Equations,MATH 2400,Introduction To Differential Equations,,,,Indiana University Purdue University Indianapolis Bulletin
Irvine,CA,Irvine Valley College,MATH 24,Elementary Differential Equations,MATH 2400,Introduction To Differential Equations,MATH 2400 (4cr),05/01/2023,05/01/2026,Irvine Valley College
Irvine,CA,Irvine Valley College,MATH 24H,Elementary Differential Equations Honors,MATH 2400,Introduction To Differential Equations,,,,Irvine Valley College
Ithaca,NY,Ithaca College,MATH 23100,Linear Algebra,MATH 2010 + MATH 2010 + MATH 2012 + MATH 2400 + MATH 2400,Multivariable Calculus And Matrix Algebra + Multivariable Calculus And Matrix Algebra + Matrix Algebra + Introduction To Differential Equations + Introduction To Differential Equations,,,,Ithaca College
Ithaca,NY,Ithaca College,MATH 23100,Linear Algebra,MATH 2010 + MATH 2010 + MATH 2012 + MATH 2400 + MATH 2400,Multivariable Calculus And Matrix Algebra + Multivariable Calculus And Matrix Algebra + Matrix Algebra + Introduction To Differential Equations + Introduction To Differential Equations,,,,Ithaca College
Ithaca,NY,Ithaca College,MATH 21400 + MATH 23100 + MATH 23100,Differential Equations + Linear Algebra + Linear Algebra,MATH 2010 + MATH 2010 + MATH 2012 + MATH 2400 + MATH 2400,Multivariable Calculus And Matrix Algebra + Multivariable Calculus And Matrix Algebra + Matrix Algebra + Introduction To Differential Equations + Introduction To Differential Equations,,,,Ithaca College
Ithaca,NY,Ithaca College,MATH 21400 + MATH 23100 + MATH 23100,Differential Equations + Linear Algebra + Linear Algebra,MATH 2010 + MATH 2010 + MATH 2012 + MATH 2400 + MATH 2400,Multivariable Calculus And Matrix Algebra + Multivariable Calculus And Matrix Algebra + Matrix Algebra + Introduction To Differential Equations + Introduction To Differential Equations,,,,Ithaca College
Richmond,VA,J Sargeant Reynolds Community College,MTH 279,Ordinary Differential Equations,MATH 2400,Introduction To Differential Equations,,,,J Sargeant Reynolds Community College
Watertown,NY,Jefferson Community College,MTH 242,Differential Equations,MATH 2400,Introduction To Differential Equations,,,,Jefferson Community College
Overland Park,KS,Johnson County Community College,MATH 254,Differential Equations,MATH 2400,Introduction To Differential Equations,,,,Johnson County Community College
Gambier,OH,Kenyon College,MATH 333,Applied Differential Equations,MATH 2400,Introduction To Differential Equations,,,,Kenyon College
Galesburg,IL,Knox College,MATH 230,Differential Equations,MATH 2400,Introduction To Differential Equations,,,,Knox College
Easton,PA,Lafayette College,MATH 264,Differential Equations With Linear Algebra,MATH 2400,Introduction To Differential Equations,,,,Lafayette College
Schnecksville,PA,Lehigh Carbon Community College,MAT 230,Differential Equations With Linear Algebra,MATH 2400,Introduction To Differential Equations,,,,Lehigh Carbon Community College
Bethlehem,PA,Lehigh University,MATH 205,Linear Methods,MATH 2400,Introduction To Differential Equations,MATH 2400 (3cr),05/01/2023,05/01/2026,Lehigh University
Los Angeles,CA,Los Angeles City College,MATH 275,Ordinary Differential Equations,MATH 2400,Introduction To Differential Equations,MATH 2400 (3cr),05/01/2023,05/01/2026,Los Angeles City College
Manchester,NH,Manchester Community College,MATH220,Differential Equations,MATH 2400,Introduction To Differential Equations,,,,Manchester Community College
Riverdale,NY,Manhattan College,MATH 286,Differential Equations,MATH 2400,Introduction To Differential Equations,,,,Manhattan College Undergraduate
Tempe,AZ,Maricopa Community College District,MAT 276,Modern Differential Equations,MATH 2400,Introduction To Differential Equations,MATH 2400 (4cr),05/01/2023,05/01/2026,Maricopa County Community College District Course Descriptions
Tempe,AZ,Maricopa Community College District,MAT 277,Modern Differential Equations,MATH 2400,Introduction To Differential Equations,MATH 2400 (3cr),05/01/2023,05/01/2026,Maricopa County Community College District Course Descriptions
Marlboro,VT,Marlboro College,NSC384,Differential Equations,MATH 2400,Introduction To Differential Equations,,,,Marlboro College Spring Course Descriptions
Milwaukee,WI,Marquette University,MATH 2451,Differential Equations,MATH 2400,Introduction To Differential Equations,,,,Marquette University Undergraduate
Wellesley Hills,MA,Massachusetts Bay Community College,MA 211,Differential Equations,MATH 2400,Introduction To Differential Equations,MATH 2400 (4cr),05/01/2023,05/01/2026,Massachusetts Bay Community College
Brockton,MA,Massasoit Community College,MATH-230,Differential Equations,MATH 2400,Introduction To Differential Equations,MATH 2400 (4cr),05/01/2023,05/01/2026,Massasoit Community College
Montreal,QC,Mcgill University,MATH 263,Ordinary Differential Equations For Engineers,MATH 2400,Introduction To Differential Equations,,,,Mcgill University Course Descriptions
Montreal,QC,Mcgill University,MATH 325,Honours Ordinary Differential Equations,MATH 2400,Introduction To Differential Equations,,,,Mcgill University Course Descriptions
West Windsor,NJ,Mercer County Community College,MAT 252,Differential Equations,MATH 2400,Introduction To Differential Equations,,,,Mercer County Community College
Mesa,AZ,Mesa Community College,MAT 276,Modern Differential Equations,MATH 2400,Introduction To Differential Equations,MATH 2400 (4cr),05/01/2023,05/01/2026,Maricopa County Community College District Course Descriptions
Mesa,AZ,Mesa Community College,MAT 277,Modern Differential Equations,MATH 2400,Introduction To Differential Equations,MATH 2400 (3cr),05/01/2023,05/01/2026,Maricopa County Community College District Course Descriptions
East Lansing,MI,Michigan State University,MTH 235,Differential Equations,MATH 2400,Introduction To Differential Equations,,,,Michigan State University Course Descriptions
Houghton,MI,Michigan Technological University,MA 3530,Introduction To Differential Equations,MATH 2400,Introduction To Differential Equations,,,,Michigan Technological University Undergraduate
Edison,NJ,Middlesex College,MAT-234,Differential Equations,MATH 2400,Introduction To Differential Equations,,,,Middlesex College
Rolla,MO,Missouri University Of Science And Technology,MATH 204,Elementary Differential Equations,MATH 2400,Introduction To Differential Equations,,,,Missouri University Of Science And Technology Undergraduate
Utica,NY,Mohawk Valley Community College-Utica Branch,MA260,Differential Equations,MATH 2400,Introduction To Differential Equations,MATH 2400 (3 cr),01/01/2024,01/01/2027,Mohawk Valley Community College
Rochester,NY,Monroe Community College,MTH 225,Differential Equations,MATH 2400,Introduction To Differential Equations,MATH 2400 (4 credits),05/01/2023,05/01/2026,Monroe Community College
Butte,MT,Montana Technological University,MATH 2236,Elementary Differential Equations,MATH 2400,Introduction To Differential Equations,,,,Montana Tech Of The University Of Montana
Rockville,MD,Montgomery College,MA 282,Differential Equations,MATH 2400,Introduction To Differential Equations,,,,Montgomery College
Blue Bell,PA,Montgomery County Community College,MAT 223,Differential Equations,MATH 2400,Introduction To Differential Equations,MATH 2400 (4cr),05/01/2023,05/01/2026,Montgomery County Community College
Moorpark,CA,Moorpark College,MATH M35,Applied Differential Equations,MATH 2400,Introduction To Differential Equations,,,,Moorpark College Course Descriptions
Atlanta,GA,Morehouse College,HMTH 321,Introduction To Ordinary Differential Equations,MATH 2400,Introduction To Differential Equations,,,,Morehouse College Course Descriptions
Morrisville,NY,Morrisville State College,MATH 262,Differential Equations,MATH 2400,Introduction To Differential Equations,,,,SUNY Morrisville State College
Garden City,NY,Nassau Community College,MAT 234,Elementary Differential Equations,MATH 2400,Introduction To Differential Equations,MATH 2400 (3 credits only),01/01/2024,01/01/2027,Nassau Community College
Newark,NJ,New Jersey Institute Of Technology,MATH 222,Differential Equations,MATH 2400,Introduction To Differential Equations,,,,New Jersey Institute Of Technology Undergraduate
Alfred Station,NY,New York State College Of Ceramics At Alfred University,MATH 271,Differential Equations,MATH 2400,Introduction To Differential Equations,MATH 2400 (3 cr),01/01/2024,01/01/2027,Alfred University
Concord,NH,Nhti-Concord's Community College,MATH 210C,Differential Equations,MATH 2400,Introduction To Differential Equations,,,,NHTI Concord'S Community College
Raleigh,NC,North Carolina State University At Raleigh,MA 341,Applied Differential Equations I,MATH 2400,Introduction To Differential Equations,MATH 2400 (3cr),05/01/2023,05/01/2026,North Carolina State University Undergraduate
Naperville,IL,North Central College,MTH 256,Introduction To Differential Equations And Linear Algebra,MATH 2400,Introduction To Differential Equations,,,,North Central College Undergraduate
Seattle,WA,North Seattle College,MATH 238,Differential Equations,MATH 2400,Introduction To Differential Equations,,,,Seattle Colleges
Danvers,MA,North Shore Community College,MAT302,Differential Equations,MATH 2400,Introduction To Differential Equations,,,,North Shore Community College
Boston,MA,Northeastern University,MATH 2341,Differential Equations And Linear Algebra For Engineering,MATH 2400,Introduction To Differential Equations,,,,Northeastern University Course Descriptions
Boston,MA,Northeastern University,MATH 2351,Ordinary Differential Equations,MATH 2400,Introduction To Differential Equations,,,,Northeastern University Course Descriptions
Boston,MA,Northeastern University,MTH 3015,Calculus 3,MATH 2400,Introduction To Differential Equations,,,,Northeastern University Course Descriptions
Boston,MA,Northeastern University,MTH 4005,Differential Equations,MATH 2400,Introduction To Differential Equations,,,,Northeastern University Course Descriptions
Boston,MA,Northeastern University Lifelong Learning Network,MATH 2341,Differential Equations And Linear Algebra For Engineering,MATH 2400,Introduction To Differential Equations,,,,Northeastern University Course Descriptions
Boston,MA,Northeastern University Lifelong Learning Network,MATH 2351,Ordinary Differential Equations,MATH 2400,Introduction To Differential Equations,,,,Northeastern University Course Descriptions
Boston,MA,Northeastern University Lifelong Learning Network,MTH 3015,Calculus 3,MATH 2400,Introduction To Differential Equations,,,,Northeastern University Course Descriptions
Boston,MA,Northeastern University Lifelong Learning Network,MTH 4005,Differential Equations,MATH 2400,Introduction To Differential Equations,,,,Northeastern University Course Descriptions
Flagstaff,AZ,Northern Arizona University,MAT 239,Differential Equations,MATH 2400,Introduction To Differential Equations,,,,Northern Arizona University Undergraduate And Graduate Course Descriptions
Haverhill,MA,Northern Essex Community College,MAT254,Differential Equations,MATH 2400,Introduction To Differential Equations,MATH 2400 (4 cr),01/01/2024,01/01/2027,Northern Essex Community College
Johnson,VT,Northern Vermont University,MAT 3310,Differential Equations,MATH 2400,Introduction To Differential Equations,,,,Northern Vermont University Undergraduate
Lyndonvile,VT,Northern Vermont University - Lyndon,MAT 3310,Differential Equations,MATH 2400,Introduction To Differential Equations,,,,Northern Vermont University Undergraduate
Lawrence,MA,Northern Vermont University - Northern Essex Community College,MAT 3310,Differential Equations,MATH 2400,Introduction To Differential Equations,,,,Northern Vermont University Undergraduate
Annandale,VA,Northern Virginia Community College,MTH 267,Differential Equations,MATH 2400,Introduction To Differential Equations,MATH 2400 (3cr),09/01/2023,09/01/2026,Northern Virginia Community College
Annandale,VA,Northern Virginia Community College,MTH 291,Differential Equations,MATH 2400,Introduction To Differential Equations,,,,Northern Virginia Community College
Evanston,IL,Northwestern University,GEN_ENG 205-4,Engineering Analysis IV,MATH 2400,Introduction To Differential Equations,,,,Northwestern University Undergraduate
Bloomfield Hills,MI,Oakland Community College,MAT 2810,Differential Equations,MATH 2400,Introduction To Differential Equations,MATH 2400 (4cr),05/01/2023,05/01/2026,Oakland Community College
Des Plaines,IL,Oakton College,MAT 262,Ordinary Differential Equations,MATH 2400,Introduction To Differential Equations,,,,Oakton Community College
Oberlin,OH,Oberlin College,MATH 234,Differential Equations,MATH 2400,Introduction To Differential Equations,,,,Oberlin College
Toms River,NJ,Ocean County College,MATH 281,Differential Equations,MATH 2400,Introduction To Differential Equations,,,,Ocean County College
Columbus,OH,Ohio State University,MATH 255,Differential Equations And Their Applications,MATH 2400,Introduction To Differential Equations,,,,Ohio State University Course Offerings
Wooster,OH,Ohio State University Agricultural Technical Inst,MATH 255,Differential Equations And Their Applications,MATH 2400,Introduction To Differential Equations,,,,Ohio State University Course Offerings
Lima,OH,Ohio State University-Lima Campus,MATH 255,Differential Equations And Their Applications,MATH 2400,Introduction To Differential Equations,,,,Ohio State University Course Offerings
Mansfield,OH,Ohio State University-Mansfield Campus,MATH 255,Differential Equations And Their Applications,MATH 2400,Introduction To Differential Equations,,,,Ohio State University Course Offerings
Marion,OH,Ohio State University-Marion Campus,MATH 255,Differential Equations And Their Applications,MATH 2400,Introduction To Differential Equations,,,,Ohio State University Course Offerings
Newark,OH,Ohio State University-Newark Campus,MATH 255,Differential Equations And Their Applications,MATH 2400,Introduction To Differential Equations,,,,Ohio State University Course Offerings
Stillwater,OK,Oklahoma State University-Main Campus,MATH 2233,Differential Equations,MATH 2400,Introduction To Differential Equations,,,,Oklahoma State University
Syracuse,NY,Onondaga Community College,MAT 264,Differential Equations,MATH 2400,Introduction To Differential Equations,MATH 2400 (4cr),05/01/2023,05/01/2026,Onondaga Community College
Middletown,NY,Orange County Community College,MAT 214,Differential Equations And Series,MATH 2400,Introduction To Differential Equations,MATH 2400 (4cr),05/01/2023,05/01/2026,SUNY Orange County Community College
Corvallis,OR,Oregon State University,MTH 256,Applied Differential Equations,MATH 2400,Introduction To Differential Equations,,,,Oregon State University
Bend,OR,Oregon State University-Cascades Campus,MTH 256,Applied Differential Equations,MATH 2400,Introduction To Differential Equations,,,,Oregon State University
Ottawa,KS,Ottawa University,MAT 33043,Differential Equations,MATH 2400,Introduction To Differential Equations,MATH 2400 (3cr),05/01/2023,05/01/2026,Ottawa University
Jeffersonville,IN,Ottawa University-Jeffersonville,MAT 33043,Differential Equations,MATH 2400,Introduction To Differential Equations,MATH 2400 (3cr),05/01/2023,05/01/2026,Ottawa University
Overland Park,KS,Ottawa University-Kansas City,MAT 33043,Differential Equations,MATH 2400,Introduction To Differential Equations,MATH 2400 (3cr),05/01/2023,05/01/2026,Ottawa University
Brookfield,WI,Ottawa University-Milwaukee,MAT 33043,Differential Equations,MATH 2400,Introduction To Differential Equations,MATH 2400 (3cr),05/01/2023,05/01/2026,Ottawa University
Ottawa,KS,Ottawa University-Online,MAT 33043,Differential Equations,MATH 2400,Introduction To Differential Equations,MATH 2400 (3cr),05/01/2023,05/01/2026,Ottawa University
Phoenix,AZ,Ottawa University-Phoenix,MAT 33043,Differential Equations,MATH 2400,Introduction To Differential Equations,MATH 2400 (3cr),05/01/2023,05/01/2026,Ottawa University
Surprise,AZ,Ottawa University-Surprise,MAT 33043,Differential Equations,MATH 2400,Introduction To Differential Equations,MATH 2400 (3cr),05/01/2023,05/01/2026,Ottawa University
Camden,NJ,Our Lady Of Lourdes School Of Nursing,MTH-220,Differential Equations,MATH 2400,Introduction To Differential Equations,,,,Camden County College Academic Program Guide
New York,NY,Pace University-New York,MAT 253,Differential Equations,MATH 2400,Introduction To Differential Equations,,,,Pace University Course Descriptions
Pleasantville,NY,Pace University-Pleasantville Briarcliff,MAT 253,Differential Equations,MATH 2400,Introduction To Differential Equations,,,,Pace University Course Descriptions
White Plains,NY,Pace University-White Plains,MAT 253,Differential Equations,MATH 2400,Introduction To Differential Equations,,,,Pace University Course Descriptions
Phoenix,AZ,Paradise Valley Community College,MAT 276,Modern Differential Equations,MATH 2400,Introduction To Differential Equations,MATH 2400 (4cr),05/01/2023,05/01/2026,Maricopa County Community College District Course Descriptions
Phoenix,AZ,Paradise Valley Community College,MAT 277,Modern Differential Equations,MATH 2400,Introduction To Differential Equations,MATH 2400 (3cr),05/01/2023,05/01/2026,Maricopa County Community College District Course Descriptions
Pasadena,CA,Pasadena City College,MATH 055,Differential Equations,MATH 2400,Introduction To Differential Equations,,,,Pasadena City College
Paterson,NJ,Passaic County Community College,MA 202,Differential Equations,MATH 2400,Introduction To Differential Equations,,,,Passaic County Community College
Middletown,PA,Pennsylvania State Univ-Harrisburg Capital College,MATH 251,Ordinary And Partial Differential Equations,MATH 2400,Introduction To Differential Equations,MATH 2400 (4cr),05/01/2023,05/01/2026,Pennsylvania State University Undergraduate
Center Valley,PA,Pennsylvania State Univ-Lehigh Vly Berks-Lehigh,MATH 251,Ordinary And Partial Differential Equations,MATH 2400,Introduction To Differential Equations,MATH 2400 (4cr),05/01/2023,05/01/2026,Pennsylvania State University Undergraduate
Schuylkill Haven,PA,Pennsylvania State Univ-Schuylkill-Capital College,MATH 251,Ordinary And Partial Differential Equations,MATH 2400,Introduction To Differential Equations,MATH 2400 (4cr),05/01/2023,05/01/2026,Pennsylvania State University Undergraduate
Abington,PA,Pennsylvania State University-Abington College,MATH 251,Ordinary And Partial Differential Equations,MATH 2400,Introduction To Differential Equations,MATH 2400 (4cr),05/01/2023,05/01/2026,Pennsylvania State University Undergraduate
Altoona,PA,Pennsylvania State University-Altoona College,MATH 251,Ordinary And Partial Differential Equations,MATH 2400,Introduction To Differential Equations,MATH 2400 (4cr),05/01/2023,05/01/2026,Pennsylvania State University Undergraduate
Monaca,PA,Pennsylvania State University-Beaver,MATH 251,Ordinary And Partial Differential Equations,MATH 2400,Introduction To Differential Equations,MATH 2400 (4cr),05/01/2023,05/01/2026,Pennsylvania State University Undergraduate
Reading,PA,Pennsylvania State University-Berks-Lehigh Valley,MATH 251,Ordinary And Partial Differential Equations,MATH 2400,Introduction To Differential Equations,MATH 2400 (4cr),05/01/2023,05/01/2026,Pennsylvania State University Undergraduate
Media,PA,Pennsylvania State University-Delaware,MATH 251,Ordinary And Partial Differential Equations,MATH 2400,Introduction To Differential Equations,MATH 2400 (4cr),05/01/2023,05/01/2026,Pennsylvania State University Undergraduate
Dubois,PA,Pennsylvania State University-Du Bois,MATH 251,Ordinary And Partial Differential Equations,MATH 2400,Introduction To Differential Equations,MATH 2400 (4cr),05/01/2023,05/01/2026,Pennsylvania State University Undergraduate
Erie,PA,Pennsylvania State University-Erie Behrend College,MATH 251,Ordinary And Partial Differential Equations,MATH 2400,Introduction To Differential Equations,MATH 2400 (4cr),05/01/2023,05/01/2026,Pennsylvania State University Undergraduate
Lemont Furnace,PA,Pennsylvania State University-Fayette,MATH 251,Ordinary And Partial Differential Equations,MATH 2400,Introduction To Differential Equations,MATH 2400 (4cr),05/01/2023,05/01/2026,Pennsylvania State University Undergraduate
Hazleton,PA,Pennsylvania State University-Hazleton,MATH 251,Ordinary And Partial Differential Equations,MATH 2400,Introduction To Differential Equations,MATH 2400 (4cr),05/01/2023,05/01/2026,Pennsylvania State University Undergraduate
Mckeesport,PA,Pennsylvania State University-Mckeesport,MATH 251,Ordinary And Partial Differential Equations,MATH 2400,Introduction To Differential Equations,MATH 2400 (4cr),05/01/2023,05/01/2026,Pennsylvania State University Undergraduate
Mont Alto,PA,Pennsylvania State University-Mont Alto Campus,MATH 251,Ordinary And Partial Differential Equations,MATH 2400,Introduction To Differential Equations,MATH 2400 (4cr),05/01/2023,05/01/2026,Pennsylvania State University Undergraduate
Upper Burrell,PA,Pennsylvania State University-New Kensington,MATH 251,Ordinary And Partial Differential Equations,MATH 2400,Introduction To Differential Equations,MATH 2400 (4cr),05/01/2023,05/01/2026,Pennsylvania State University Undergraduate
Malvern,PA,Pennsylvania State University-Penn State Great Valley,MATH 251,Ordinary And Partial Differential Equations,MATH 2400,Introduction To Differential Equations,MATH 2400 (4cr),05/01/2023,05/01/2026,Pennsylvania State University Undergraduate
Sharon,PA,Pennsylvania State University-Shenango,MATH 251,Ordinary And Partial Differential Equations,MATH 2400,Introduction To Differential Equations,MATH 2400 (4cr),05/01/2023,05/01/2026,Pennsylvania State University Undergraduate
Lehman,PA,Pennsylvania State University-Wilkes-Barre,MATH 251,Ordinary And Partial Differential Equations,MATH 2400,Introduction To Differential Equations,MATH 2400 (4cr),05/01/2023,05/01/2026,Pennsylvania State University Undergraduate
University Park,PA,Pennsylvania State University-World Campus,MATH 251,Ordinary And Partial Differential Equations,MATH 2400,Introduction To Differential Equations,MATH 2400 (4cr),05/01/2023,05/01/2026,Pennsylvania State University Undergraduate
Dunmore,PA,Pennsylvania State University-Worthington Scranton,MATH 251,Ordinary And Partial Differential Equations,MATH 2400,Introduction To Differential Equations,MATH 2400 (4cr),05/01/2023,05/01/2026,Pennsylvania State University Undergraduate
York,PA,Pennsylvania State University-York,MATH 251,Ordinary And Partial Differential Equations,MATH 2400,Introduction To Differential Equations,MATH 2400 (4cr),05/01/2023,05/01/2026,Pennsylvania State University Undergraduate
Phoenix,AZ,Phoenix College,MAT 276,Modern Differential Equations,MATH 2400,Introduction To Differential Equations,MATH 2400 (4cr),05/01/2023,05/01/2026,Maricopa County Community College District Course Descriptions
Phoenix,AZ,Phoenix College,MAT 277,Modern Differential Equations,MATH 2400,Introduction To Differential Equations,MATH 2400 (3cr),05/01/2023,05/01/2026,Maricopa County Community College District Course Descriptions
Portland,OR,Portland Community College,MTH 256,Differential Equations,MATH 2400,Introduction To Differential Equations,,,,Portland Community College
Portland,OR,Portland State University,MTH 256,Applied Ordinary Differential Equations,MATH 2400,Introduction To Differential Equations,,,,Portland State University
West Lafayette,IN,Purdue University-Main Campus,MA 266,Ordinary Differential Equations,MATH 2400,Introduction To Differential Equations,,,,Purdue University Courses - West Lafayette
Worcester,MA,Quinsigamond Community College,MAT 238,Differential Equations,MATH 2400,Introduction To Differential Equations,,,,Quinsigamond Community College
Lynchburg,VA,Randolph College,PHYS 3301S,Differential Equations For Scientists And Engineers,MATH 2400,Introduction To Differential Equations,MATH 2400 (4cr),05/01/2023,05/01/2026,Randolph College
Branchburg,NJ,Raritan Valley Community College,MATH 254,Differential Equations,MATH 2400,Introduction To Differential Equations,,,,Raritan Valley Community College
Houston,TX,Rice University,MATH 211,Ordinary Differential Equations And Linear Algebra,MATH 2400,Introduction To Differential Equations,,,,Rice University General Announcements
South Prince George,VA,Richard Bland The College Of William And Mary,MATH - 271,Differential Equations,MATH 2400,Introduction To Differential Equations,,,,Richard Bland College Of William And Mary
Whittier,CA,Rio Hondo College,MATH 270,Differential Equations,MATH 2400,Introduction To Differential Equations,,,,Rio Hondo College
Tempe,AZ,Rio Salado College,MAT 276,Modern Differential Equations,MATH 2400,Introduction To Differential Equations,MATH 2400 (4cr),05/01/2023,05/01/2026,Maricopa County Community College District Course Descriptions
Tempe,AZ,Rio Salado College,MAT 277,Modern Differential Equations,MATH 2400,Introduction To Differential Equations,MATH 2400 (3cr),05/01/2023,05/01/2026,Maricopa County Community College District Course Descriptions
Riverside,CA,Riverside City College,MAT-2,Differential Equations,MATH 2400,Introduction To Differential Equations,,,,Riverside City College
Rochester,NY,Roberts Wesleyan College,MTH 301,Differential Equations,MATH 2400,Introduction To Differential Equations,,,,Roberts Wesleyan College Undergraduate
Rochester,NY,Rochester Institute Of Technology,MATH-231,Differential Equations,MATH 2400,Introduction To Differential Equations,,,,Rochester Institute Of Technology Undergraduate
Bristol,RI,Roger Williams University,MATH 317,Differential Equations,MATH 2400,Introduction To Differential Equations,,,,Roger Williams University
Bristol,RI,Roger Williams University School Of Law,MATH 317,Differential Equations,MATH 2400,Introduction To Differential Equations,,,,Roger Williams University
Grants Pass,OR,Rogue Community College,MTH256,Differential Equations,MATH 2400,Introduction To Differential Equations,MATH 2400 (4 cr),05/01/2023,05/01/2026,Rogue Community College
Terre Haute,IN,Rose-Hulman Institute Of Technology,MA 112 + MA 113 + MA 221,Calculus II + Calculus III + Matrix Algebra & Differential Equations I,MATH 1020 + MATH 2010 + MATH 2400,Calculus II + Multivariable Calculus And Matrix Algebra + Introduction To Differential Equations,MATH 1020 (4 cr) MATH 2010 (4 cr) MATH 2400 (4 cr),05/01/2023,05/01/2026,Rose-Hulman Institute Of Technology
Sewell,NJ,Rowan College Of South Jersey,MAT 205,Differential Equations,MATH 2400,Introduction To Differential Equations,,,,Rowan College Of South Jersey Gloucester Campus
Troy,NY,Russell Sage College,MAT 208,Differential Equations,MATH 2400,Introduction To Differential Equations,,,,Russell Sage College
New Brunswick,NJ,Rutgers University-New Brunswick,640:314,Elementary Differential Equations,MATH 2400,Introduction To Differential Equations,,,,Rutgers University Douglass College
Sacramento,CA,Sacramento City College,MATH 420,Differential Equations,MATH 2400,Introduction To Differential Equations,,,,Sacramento City College
Fairfield,CT,Sacred Heart University,MA 253 + MA 254 + MA 261,Calculus III + Differential Equations + Linear Algebra,MATH 2010 + MATH 2400,Multivariable Calculus And Matrix Algebra + Introduction To Differential Equations,,,,Sacred Heart University Undergraduate
Fairfield,CT,Sacred Heart University,MA 254,Differential Equations,MATH 2400,Introduction To Differential Equations,,,,Sacred Heart University Undergraduate
Fairfield,CT,Sacred Heart University,MA 354,Differential Equations,MATH 2400,Introduction To Differential Equations,,,,Sacred Heart University Undergraduate
Manchester,NH,Saint Anselm College,MA 220,Vector Analysis And Differential Equations,MATH 2400,Introduction To Differential Equations,,,,Saint Anselm College
Moraga,CA,Saint Mary's College Of California,MATH 134,Differential Equations,MATH 2400,Introduction To Differential Equations,,,,Saint Mary'S College Of California Undergraduate
San Diego,CA,San Diego City College,MATH 255,Differential Equations,MATH 2400,Introduction To Differential Equations,,,,San Diego City College
San Diego,CA,San Diego Mesa College,MATH 255,Differential Equations,MATH 2400,Introduction To Differential Equations,,,,San Diego Mesa College
Santa Barbara,CA,Santa Barbara City College,MATH 220,Differential Equations,MATH 2400,Introduction To Differential Equations,,,,Santa Barbara City College
Santa Clara,CA,Santa Clara University,AMTH 106,Differential Equations,MATH 2400,Introduction To Differential Equations,,,,Santa Clara University Undergraduate
Santa Monica,CA,Santa Monica College,MATH 15,Ordinary Differential Equations,MATH 2400,Introduction To Differential Equations,,,,Santa Monica College
Schenectady,NY,Schenectady County Community College,MAT 222,Ordinary Differential Equations,MATH 2400,Introduction To Differential Equations,,,,Schenectady County Community College
Schenectady,NY,Schenectady County Community College,MAT 244,Differential Equations,MATH 2400,Introduction To Differential Equations,,,,Schenectady County Community College
Scottsdale,AZ,Scottsdale Community College,MAT 276,Modern Differential Equations,MATH 2400,Introduction To Differential Equations,MATH 2400 (4cr),05/01/2023,05/01/2026,Maricopa County Community College District Course Descriptions
Scottsdale,AZ,Scottsdale Community College,MAT 277,Modern Differential Equations,MATH 2400,Introduction To Differential Equations,MATH 2400 (3cr),05/01/2023,05/01/2026,Maricopa County Community College District Course Descriptions
Seattle,WA,Seattle Central College,MATH 238,Differential Equations,MATH 2400,Introduction To Differential Equations,,,,Seattle Colleges
Loudonville,NY,Siena College,MATH - 260,Differential Equations,MATH 2400,Introduction To Differential Equations,MATH 2400 (3 cr),01/01/2024,01/01/2027,Siena College Undergraduate
Loudonville,NY,Siena College,MATH-380,Differential Equations,MATH 2400,Introduction To Differential Equations,,,,Siena College Undergraduate
Mount Vernon,WA,Skagit Valley College,MATH 238,Ordinary Differential Equations,MATH 2400,Introduction To Differential Equations,,,,Skagit Valley College
Saratoga Springs,NY,Skidmore College,MA 270,Differential Equations,MATH 2400,Introduction To Differential Equations,,,,Skidmore College
San Bruno,CA,Skyline College,MATH 275,Ordinary Differential Equations,MATH 2400,Introduction To Differential Equations,MATH 2400 (3cr),05/01/2023,05/01/2026,Skyline College
Northampton,MA,Smith College,MTH 114,Calculus: Differential Equations And Power Series,MATH 2400,Introduction To Differential Equations,,,,Smith College
Phoenix,AZ,South Mountain Community College,MAT 276,Modern Differential Equations,MATH 2400,Introduction To Differential Equations,MATH 2400 (4cr),05/01/2023,05/01/2026,Maricopa County Community College District Course Descriptions
Phoenix,AZ,South Mountain Community College,MAT 277,Modern Differential Equations,MATH 2400,Introduction To Differential Equations,MATH 2400 (3cr),05/01/2023,05/01/2026,Maricopa County Community College District Course Descriptions
Seattle,WA,South Seattle College,MATH 238,Differential Equations,MATH 2400,Introduction To Differential Equations,,,,Seattle Colleges
New Haven,CT,Southern Connecticut State University,MAT 245,Differential Equations,MATH 2400,Introduction To Differential Equations,,,,Southern Connecticut State University Undergraduate
Dallas,TX,Southern Methodist University,MATH 2343,Elementary Differential Equations,MATH 2400,Introduction To Differential Equations,,,,Southern Methodist University Undergraduate
Chula Vista,CA,Southwestern College,MATH 253,Introduction To Differential Equations,MATH 2400,Introduction To Differential Equations,,,,Southwestern College
Springfield,MA,Springfield Technical Community College,MAT-255,Differential Equations,MATH 2400,Introduction To Differential Equations,,,,Springfield Technical Community College
Springfield,MA,Springfield Technical Community College,MATH-455,Differential Equations,MATH 2400,Introduction To Differential Equations,,,,Springfield Technical Community College
Canton,NY,St Lawrence University,MATH 230,Differential Equations,MATH 2400,Introduction To Differential Equations,,,,Saint Lawrence University
Clearwater,FL,St Petersburg College,MAP 2302,Differential Equations,MATH 2400,Introduction To Differential Equations,,,,St. Petersburg College
Rochester,NY,St. John Fisher University,MATH-222,Intro Dynamical Systems,MATH 2400,Introduction To Differential Equations,,,,Saint John Fisher College Undergraduate
Saint Louis,MO,St. Louis Community College-Florissant Valley,MTH 240,Differential Equations,MATH 2400,Introduction To Differential Equations,MATH 2400 (3cr),05/01/2023,05/01/2026,St. Louis Community College Spring
Saint Louis,MO,St. Louis Community College-Forest Park,MTH 240,Differential Equations,MATH 2400,Introduction To Differential Equations,MATH 2400 (3cr),05/01/2023,05/01/2026,St. Louis Community College Spring
Kirkwood,MO,St. Louis Community College-Meramec,MTH 240,Differential Equations,MATH 2400,Introduction To Differential Equations,MATH 2400 (3cr),05/01/2023,05/01/2026,St. Louis Community College Spring
Wildwood,MO,St. Louis Community College-Wildwood,MTH 240,Differential Equations,MATH 2400,Introduction To Differential Equations,MATH 2400 (3cr),05/01/2023,05/01/2026,St. Louis Community College Spring
Miami Gardens,FL,St. Thomas University,MAP 2302,Ordinary Differential Equations,MATH 2400,Introduction To Differential Equations,,,,St. Thomas University Undergraduate
Stanford,CA,Stanford University,MATH 53,"Differential Equations With Linear Algebra, Fourier Methods, And Modern Applications",MATH 2400,Introduction To Differential Equations,,,,Stanford University Course Descriptions
Hoboken,NJ,Stevens Institute Of Technology,MA 221,Differential Equations,MATH 2400,Introduction To Differential Equations,,,,Stevens Institute Of Technology
Stony Brook,NY,Stony Brook University,AMS 361,Applied Calculus IV: Differential Equations,MATH 2400,Introduction To Differential Equations,MATH 2400 (4cr),05/01/2023,05/01/2026,SUNY Stony Brook Undergraduate Bulletin And Course Descriptions Spring
Stony Brook,NY,Stony Brook University,MAT 303,Calculus IV With Applications,MATH 2400,Introduction To Differential Equations,,05/01/2023,05/01/2026,SUNY Stony Brook Undergraduate Bulletin And Course Descriptions Spring
Selden,NY,Suffolk County Community College-Ammerman Campus,MA90,Differential Equations,MATH 2400,Introduction To Differential Equations,,,,Suffolk County Community College
Selden,NY,Suffolk County Community College-Ammerman Campus,MAT204,Differential Equations,MATH 2400,Introduction To Differential Equations,MATH 2400 (4cr),09/01/2023,09/01/2026,Suffolk County Community College
Selden,NY,Suffolk County Community College-Central Report,MA90,Differential Equations,MATH 2400,Introduction To Differential Equations,,,,Suffolk County Community College
Selden,NY,Suffolk County Community College-Central Report,MAT204,Differential Equations,MATH 2400,Introduction To Differential Equations,MATH 2400 (4cr),09/01/2023,09/01/2026,Suffolk County Community College
Riverhead,NY,Suffolk County Community College-Eastern Campus,MA90,Differential Equations,MATH 2400,Introduction To Differential Equations,,,,Suffolk County Community College
Riverhead,NY,Suffolk County Community College-Eastern Campus,MAT204,Differential Equations,MATH 2400,Introduction To Differential Equations,MATH 2400 (4cr),09/01/2023,09/01/2026,Suffolk County Community College
Brentwood,NY,Suffolk County Community College-Western Campus,MA90,Differential Equations,MATH 2400,Introduction To Differential Equations,,,,Suffolk County Community College
Brentwood,NY,Suffolk County Community College-Western Campus,MAT204,Differential Equations,MATH 2400,Introduction To Differential Equations,MATH 2400 (4cr),09/01/2023,09/01/2026,Suffolk County Community College
Loch Sheldrake,NY,Sullivan County Community College,MAT 2401,Differential Equations,MATH 2400,Introduction To Differential Equations,,,,SUNY Sullivan County Community College
Vestal,NY,Suny At Binghamton,MATH 324,Ode's For Scientists/Engineers,MATH 2400,Introduction To Differential Equations,,01/01/2024,01/01/2027,SUNY Binghamton University
Vestal,NY,Suny At Binghamton,MATH 371,Ordinary Diff. Equations,MATH 2400,Introduction To Differential Equations,,,,SUNY Binghamton University
Fredonia,NY,Suny At Fredonia,MATH 224,Differential Equations,MATH 2400,Introduction To Differential Equations,,,,SUNY Fredonia General
Canton,NY,Suny Canton College Of Technology,MATH 264,Differential Equations,MATH 2400,Introduction To Differential Equations,,,,SUNY Canton College Of Technology
Canton,NY,Suny Canton College Of Technology,MATH 364,Differential Equations,MATH 2400,Introduction To Differential Equations,,,,SUNY Canton College Of Technology
Geneseo,NY,Suny College At Geneseo,MATH 326,Differential Equations,MATH 2400 + MATH 2400,Introduction To Differential Equations + Introduction To Differential Equations,,,,SUNY Geneseo Undergraduate
Geneseo,NY,Suny College At Geneseo,MATH 326,Differential Equations,MATH 2400 + MATH 2400,Introduction To Differential Equations + Introduction To Differential Equations,,,,SUNY Geneseo Undergraduate
Geneseo,NY,Suny College At Geneseo,MATH 326 + MATH 372,Differential Equations + Partial Differential Equations,MATH 2400,Introduction To Differential Equations,,,,SUNY Geneseo Undergraduate
Oneonta,NY,Suny College At Oneonta,MATH 277,Ordinary Differential Equations,MATH 2400,Introduction To Differential Equations,,,,SUNY Oneonta Undergraduate
Plattsburgh,NY,Suny College At Plattsburgh,MAT 426,Differential Equations,MATH 2400,Introduction To Differential Equations,,,,SUNY College At Plattsburgh Undergraduate And Graduate
Potsdam,NY,Suny College At Potsdam,MATH 390,Differential Equations,MATH 2400,Introduction To Differential Equations,,,,SUNY Potsdam
Alfred,NY,Suny College Of Technology At Alfred,MATH - 6114,Differential Equations,MATH 2400,Introduction To Differential Equations,,,,Alfred State College
Alfred,NY,Suny College Of Technology At Alfred,MATH 4114,Differential Equations,MATH 2400,Introduction To Differential Equations,,,,Alfred State College
Delhi,NY,Suny College Of Technology At Delhi,MATH 225,Differential Equations,MATH 2400,Introduction To Differential Equations,,,,SUNY Delhi College Of Technology
Cortland,NY,Suny Cortland,MAT 430,Differential Equations,MATH 2400,Introduction To Differential Equations,,,,SUNY Cortland Undergraduate
Throggs Neck,NY,Suny Maritime College,MATH 212,Differential Equations,MATH 2400,Introduction To Differential Equations,,,,SUNY Maritime College
New Paltz,NY,Suny New Paltz,MAT359,Ordinary Differential Equations,MATH 2400,Introduction To Differential Equations,,,,SUNY New Paltz Undergraduate
Utica,NY,Suny Polytechnic Institute,MAT 230,Differential Equations,MATH 2400,Introduction To Differential Equations,MATH 2400 (4cr),09/01/2023,09/01/2026,SUNY Polytechnic Institute Undergraduate
Utica,NY,Suny Polytechnic Institute,MAT 260,Ordinary Differential Equations And Series Solutions,MATH 2400,Introduction To Differential Equations,,,,SUNY Polytechnic Institute Undergraduate
Suffern,NY,Suny Rockland Community College,MAT 206,Differential Equations,MATH 2400,Introduction To Differential Equations,,,,SUNY Rockland Community College
Stone Ridge,NY,Suny Ulster County Community College,MAT 204,Differential Equations,MATH 2400,Introduction To Differential Equations,,,,SUNY Ulster County Community College
Valhalla,NY,Suny Westchester Community College,MATH 203,Differential Equations,MATH 2400,Introduction To Differential Equations,,,,SUNY Westchester Community College Spring
Valhalla,NY,Suny Westchester Community College,MATH 240,Differential Equations,MATH 2400,Introduction To Differential Equations,,,,SUNY Westchester Community College
Swarthmore,PA,Swarthmore College,MATH 043,Basic Differential Equations,MATH 2400,Introduction To Differential Equations,,,,Swarthmore College
Syracuse,NY,Syracuse University,MAT 414,Introduction To Ordinary Differential Equations,MATH 2400,Introduction To Differential Equations,,,,Syracuse University Undergraduate
Syracuse,NY,Syracuse University,MAT 485,Differential Equations And Matrix Algebra For Engineers,MATH 2400,Introduction To Differential Equations,,,,Syracuse University Undergraduate
Syracuse,NY,Syracuse University,MAT 514,Introduction To Ordinary Differential Equations,MATH 2400,Introduction To Differential Equations,,,,Syracuse University Undergraduate
College Station,TX,Texas A & M University,MATH 308,Differential Equations,MATH 2400,Introduction To Differential Equations,,,,Texas A & M University College Station
Bryan,TX,Texas A & M University Health Science Center,MATH 308,Differential Equations,MATH 2400,Introduction To Differential Equations,,,,Texas A & M University College Station
Galveston,TX,Texas A & M University-Galveston,MATH 308,Differential Equations,MATH 2400,Introduction To Differential Equations,,,,Texas A & M University College Station
Ewing,NJ,The College Of New Jersey,MAT 326,Differential Equations,MATH 2400,Introduction To Differential Equations,,,,The College Of New Jersey Course Catalog
Albany,NY,The College Of Saint Rose,MAT 302,Differential Equations,MATH 2400,Introduction To Differential Equations,,,,College Of Saint Rose Undergraduate Studies
University Park,PA,The Pennsylvania State University,MATH 251,Ordinary And Partial Differential Equations,MATH 2400,Introduction To Differential Equations,MATH 2400 (4cr),05/01/2023,05/01/2026,Pennsylvania State University Undergraduate
Tuscaloosa,AL,The University Of Alabama,MATH238,Appld Diff Equations I,MATH 2400,Introduction To Differential Equations,,,,University Of Alabama Undergraduate
Pensacola,FL,The University Of West Florida,MAP 2302,Differential Equations,MATH 2400,Introduction To Differential Equations,,,,University Of West Florida
Dryden,NY,Tompkins-Cortland Community College,MATH206,Differential Equations,MATH 2400,Introduction To Differential Equations,,,,Tompkins Cortland Community College (TC3)
New Orleans,LA,Tulane University,MATH 224,Introduction To Applied Mathematics,MATH 2400,Introduction To Differential Equations,,,,Tulane University
Schenectady,NY,Union College,MTH 130,Ordinary Differential Equations,MATH 2400,Introduction To Differential Equations,,,,Union College
Cranford,NJ,Union County College,MAT 272,Differential Equations,MATH 2400,Introduction To Differential Equations,,,,Union County College
Kings Point,NY,United States Merchant Marine Academy,MM232,Mathematics For Engineers 1,MATH 2400,Introduction To Differential Equations,,,,United States Merchant Marine Academy
West Point,NY,United States Military Academy,MA153,Math Modeling/Intro Dif Eq,MATH 2400,Introduction To Differential Equations,,,,United State Military Academy Course Descriptions
Annapolis,MD,United States Naval Academy,SM212,Differential Equations,MATH 2400,Introduction To Differential Equations,,,,United States Naval Academy Course Descriptions
Buffalo,NY,"University At Buffalo, State University Of New York",MTH 306,Introduction To Differential Equations,MATH 2400,Introduction To Differential Equations,,,,SUNY University At Buffalo Undergraduate
Akron,OH,University Of Akron Main Campus,3450:335,Introduction To Ordinary Differential Equations,MATH 2400,Introduction To Differential Equations,,,,University Of Akron Undergraduate
Tucson,AZ,University Of Arizona,MATH 254,Introduction To Ordinary Differential Equations,MATH 2400,Introduction To Differential Equations,,,,University Of Arizona Fall Course Descriptions
Los Angeles,CA,University Of California-Los Angeles,MATH 33B,Differential Equations,MATH 2400,Introduction To Differential Equations,,,,University Of California Los Angeles
La Jolla,CA,University Of California-San Diego,MATH 20D,Introduction To Differential Equations,MATH 2400,Introduction To Differential Equations,,,,University Of California San Diego
Santa Barbara,CA,University Of California-Santa Barbara,MATH 3A + MATH 3B + MATH 4A + MATH 4B + MATH 6A + MATH 6B,"Calculus With Applications, First Course + Calculus With Applications, Second Course + Linear Algebra With Applications + Differential Equations + Vector Calculus With Applications, First Course + Vector Calculus With Applications, Second Course",MATH 1010 + MATH 1020 + MATH 2010 + MATH 2400,Calculus I + Calculus II + Multivariable Calculus And Matrix Algebra + Introduction To Differential Equations,,,,University Of California Santa Barbara
Boulder,CO,University Of Colorado At Boulder,APPM 2360,Introduction To Differential Equations With Linear Algebra,MATH 2400,Introduction To Differential Equations,,,,University Of Colorado At Boulder
Denver,CO,University Of Colorado Denver,MATH 3200,Elementary Differential Equations,MATH 2400,Introduction To Differential Equations,MATH 2400 (3cr),05/01/2023,05/01/2026,University Of Colorado Denver Undergraduate
Storrs,CT,University Of Connecticut,MATH 2410Q,Elementary Differential Equations,MATH 2400,Introduction To Differential Equations,MATH 2400 (3 credits only),01/01/2024,01/01/2027,University Of Connecticut Undergraduate
Groton,CT,University Of Connecticut-Avery Point,MATH 2410Q,Elementary Differential Equations,MATH 2400,Introduction To Differential Equations,MATH 2400 (3 credits only),01/01/2024,01/01/2027,University Of Connecticut Undergraduate
Hartford,CT,University Of Connecticut-Hartford Campus,MATH 2410Q,Elementary Differential Equations,MATH 2400,Introduction To Differential Equations,MATH 2400 (3 credits only),01/01/2024,01/01/2027,University Of Connecticut Undergraduate
Stamford,CT,University Of Connecticut-Stamford,MATH 2410Q,Elementary Differential Equations,MATH 2400,Introduction To Differential Equations,MATH 2400 (3 credits only),01/01/2024,01/01/2027,University Of Connecticut Undergraduate
Waterbury,CT,University Of Connecticut-Waterbury Campus,MATH 2410Q,Elementary Differential Equations,MATH 2400,Introduction To Differential Equations,MATH 2400 (3 credits only),01/01/2024,01/01/2027,University Of Connecticut Undergraduate
Athens,GA,University Of Georgia,MATH 2700,Elementary Differential Equations,MATH 2400,Introduction To Differential Equations,,,,University Of Georgia Course Descriptions
West Hartford,CT,University Of Hartford,M 242,Differential Equations,MATH 2400,Introduction To Differential Equations,,,,University Of Hartford Undergraduate
Champaign,IL,University Of Illinois At Urbana - Champaign,MATH 285,Intro Differential Equations,MATH 2400,Introduction To Differential Equations,,,,University Of Illinois At Urbana-Champaign
Champaign,IL,University Of Illinois At Urbana - Champaign,MATH 286,Intro To Differential Eq Plus,MATH 2400,Introduction To Differential Equations,,,,University Of Illinois At Urbana-Champaign
Champaign,IL,University Of Illinois At Urbana - Champaign,MATH 385,Intro Differential Equations,MATH 2400 + MATH 4940,Introduction To Differential Equations + Readings In Mathematics,,,,University Of Illinois At Urbana-Champaign Guided Individual Study
Amherst,MA,University Of Massachusetts-Amherst,MATH 331,Ordinary Differential Equations For Scientists And Engineers,MATH 2400,Introduction To Differential Equations,MATH 2400 (3cr),09/01/2023,09/01/2026,University Of Massachusetts Amherst Course Descriptions
North Dartmouth,MA,University Of Massachusetts-Dartmouth,MTH 212,Differential Equation,MATH 2400,Introduction To Differential Equations,,,,University Of Massachusetts Dartmouth
Lowell,MA,University Of Massachusetts-Lowell,MATH.2340,Differential Equations,MATH 2400,Introduction To Differential Equations,,,,University Of Massachusetts Lowell Undergraduate
Lowell,MA,University Of Massachusetts-Lowell,MATH.2360,Engineering Differential Equations,MATH 2400,Introduction To Differential Equations,,,,University Of Massachusetts Lowell Undergraduate
Coral Gables,FL,University Of Miami,MTH 311,Introduction To Ordinary Differential Equations,MATH 2400,Introduction To Differential Equations,MATH 2400 (3cr),09/01/2023,09/01/2026,University Of Miami
Ann Arbor,MI,University Of Michigan-Ann Arbor,MATH 216,Introduction To Differential Equations,MATH 2400,Introduction To Differential Equations,,,,"University Of Michigan College Of Literature, Science, And The Arts Fall Courses"
Dearborn,MI,University Of Michigan-Dearborn,MATH 116 + MATH 215 + MATH 228,Calculus II + Calculus III + Diff Eqns With Linear Algebra,MATH 1020 + MATH 2010 + MATH 2400,Calculus II + Multivariable Calculus And Matrix Algebra + Introduction To Differential Equations,MATH 1020 (4 cr) MATH 2010 (4 cr) MATH 2400 (4 cr),05/01/2023,05/01/2026,University Of Michigan Dearborn
Minneapolis,MN,University Of Minnesota Twin Cities,MATH 2243,Linear Algebra And Differential Equations,MATH 2400,Introduction To Differential Equations,,,,University Of Minnesota Twin Cities Undergraduate
Durham,NH,University Of New Hampshire-Main Campus,MATH 527,Differential Equations With Linear Algebra,MATH 2400,Introduction To Differential Equations,,09/01/2023,09/01/2026,University Of New Hampshire Undergraduate
West Haven,CT,University Of New Haven,MATH 2204,Differential Equations,MATH 2400,Introduction To Differential Equations,,,,University Of New Haven Undergraduate
Albuquerque,NM,University Of New Mexico-Main Campus,MATH 316,Applied Ordinary Differential Equations,MATH 2400,Introduction To Differential Equations,,,,University Of New Mexico Albuquerque Course Descriptions
Norman,OK,University Of Oklahoma,MATH 3113,Introduction To Ordinary Differential Equations,MATH 2400,Introduction To Differential Equations,,,,University Of Oklahoma
Lawton,OK,University Of Oklahoma - Douglass Learning Center,MATH 3113,Introduction To Ordinary Differential Equations,MATH 2400,Introduction To Differential Equations,,,,University Of Oklahoma
Ft Benning,GA,University Of Oklahoma - Ft. Benning Ga - Ap,MATH 3113,Introduction To Ordinary Differential Equations,MATH 2400,Introduction To Differential Equations,,,,University Of Oklahoma
Nellis Afb,NV,University Of Oklahoma - Nellis Air Force Base,MATH 3113,Introduction To Ordinary Differential Equations,MATH 2400,Introduction To Differential Equations,,,,University Of Oklahoma
Eugene,OR,University Of Oregon,MATH 256,Introduction To Differential Equations,MATH 2400,Introduction To Differential Equations,,,,University Of Oregon
Pittsburgh,PA,University Of Pittsburgh-Main Campus,MATH 0290,Differential Equations,MATH 2400,Introduction To Differential Equations,,,,University Of Pittsburgh Undergraduate
Kingston,RI,University Of Rhode Island,MTH362,Advanced Engineering Mathematics,MATH 2400,Introduction To Differential Equations,,,,University Of Rhode Island
Rochester,NY,University Of Rochester,MTH 165,Linear Algebra With Differential Equations,MATH 2400,Introduction To Differential Equations,MATH 2400 (4cr),05/01/2023,05/01/2026,University Of Rochester Fall Course Descriptions
Columbia,SC,University Of South Carolina Columbia,MATH 242,Elementary Differential Equations,MATH 2400,Introduction To Differential Equations,,,,University Of South Carolina At Columbia Undergraduate
Tampa,FL,University Of South Florida,MAP 2302,Differential Equations,MATH 2400,Introduction To Differential Equations,,,,University Of South Florida Undergraduate
Sarasota,FL,University Of South Florida Sarasota-Manatee,MAP 2302,Differential Equations,MATH 2400,Introduction To Differential Equations,,,,University Of South Florida Undergraduate
St. Petersburg,FL,University Of South Florida-St. Petersburg,MAP 2302,Differential Equations,MATH 2400,Introduction To Differential Equations,,,,University Of South Florida Undergraduate
Portland,ME,University Of Southern Maine,MAT 350,Differential Equations,MATH 2400,Introduction To Differential Equations,,,,University Of Southern Maine Undergraduate
Knoxville,TN,University Of Tennessee,MATH 231,Differential Equations I,MATH 2400,Introduction To Differential Equations,,,,University Of Tennessee Knoxville Undergraduate
Sewanee,TN,University Of The South,MATH 212,Differential Equations,MATH 2400,Introduction To Differential Equations,,,,University Of The South Sewanee College Arts And Sciences
Toronto,ON,University Of Toronto,MAT234H1,Differential Equations,MATH 2400,Introduction To Differential Equations,,,,University Of Toronto Faculty Of Applied Science And Engineering
Salt Lake City,UT,University Of Utah,MATH2250,Differential Equations And Linear Algebra,MATH 2400,Introduction To Differential Equations,,,,University Of Utah
Seattle,WA,University Of Washington,AMATH 351,Introduction To Differential Equations And Applications,MATH 2400,Introduction To Differential Equations,,,,University Of Washington Course Descriptions
Seattle,WA,University Of Washington,MATH 307,Introduction To Differential Equations,MATH 2400,Introduction To Differential Equations,,,,University Of Washington Course Descriptions
Laramie,WY,University Of Wyoming,MATH2310,Applied Differential Equations I,MATH 2400,Introduction To Differential Equations,,,,University Of Wyoming
Randolph Center,VT,Vermont State University,MAT 3310,Differential Equations,MATH 2400,Introduction To Differential Equations,,,,Northern Vermont University Undergraduate
Villanova,PA,Villanova University,MAT 2705,Diff Equation With Linear Alg,MATH 2400,Introduction To Differential Equations,,,,Villanova University
Hampton,VA,Virginia Peninsula Community College,MTH 267,Differential Equations,MATH 2400,Introduction To Differential Equations,MATH 2400 (3cr),05/01/2023,05/01/2026,Virginia Peninsula Community College
Blacksburg,VA,Virginia Polytechnic Institute And State University,MATH 2214,Introduction To Differential Equations,MATH 2400,Introduction To Differential Equations,,,,Virginia Polytechnic Institute And State University
Roanoke,VA,Virginia Western Community College,MTH 277 + MTH 291,Vector Calculus + Differential Equations,MATH 2012 + MATH 2400,Matrix Algebra + Introduction To Differential Equations,,,,Virginia Western Community College Course Descriptions
Raleigh,NC,Wake Technical Community College,MAT-285,Differential Equations,MATH 2400,Introduction To Differential Equations,,,,Wake Technical Community College
Aurora,NY,Wells College,MATH 213,Ordinary Differential Equations And Applications,MATH 2400,Introduction To Differential Equations,,,,Wells College
Saratoga,CA,West Valley College,MATH 004B,Differential Equations,MATH 2400,Introduction To Differential Equations,,,,West Valley College
Morgantown,WV,West Virginia University,MATH 261,Elementary Differential Equations,MATH 2400,Introduction To Differential Equations,,,,West Virginia University Undergraduate Course Descriptions
Bowling Green,KY,Western Kentucky University,MATH 331,Differential Equations,MATH 2400,Introduction To Differential Equations,,,,Western Kentucky University Undergraduate
Springfield,MA,Western New England University,MATH 236,Differential Equations,MATH 2400,Introduction To Differential Equations,,,,Western New England University
Norton,MA,Wheaton College,MATH 212,Differential Equations,MATH 2400,Introduction To Differential Equations,,,,Wheaton College
Worcester,MA,Worcester Polytechnic Institute,MA 2051,Ordinary Differential Equations,MATH 2400,Introduction To Differential Equations,,,,Worcester Polytechnic Institute Undergraduate
Celina,OH,Wright State University-Lake Campus,MTH 235,Differential Equations With Matrix Algebra,MATH 2400,Introduction To Differential Equations,,,,Wright State University Undergraduate Catalog
Dayton,OH,Wright State University-Main Campus,MTH 235,Differential Equations With Matrix Algebra,MATH 2400,Introduction To Differential Equations,,,,Wright State University Undergraduate Catalog
New Orleans,LA,Xavier University Of Louisiana,MATH 2530,Differential Equations,MATH 2400,Introduction To Differential Equations,,,,Xavier University Of Louisiana
Prescott,AZ,Yavapai College,MAT 262,Elementary Differential Equations,MATH 2400,Introduction To Differential Equations,,,,Yavapai College
